date,wave,portfolio_return,benchmark_return
2025-08-20,Clean Transit-Infrastructure Wave,0.0006249932190725033,0.023347224445334148
2025-08-21,Clean Transit-Infrastructure Wave,-0.016185992588781953,0.00886982823907103
2025-08-22,Clean Transit-Infrastructure Wave,-0.0012280173739646438,0.006575361238693401
2025-08-23,Clean Transit-Infrastructure Wave,0.004913071516992459,-0.005465249576879973
2025-08-24,Clean Transit-Infrastructure Wave,0.0027899639245934026,-0.014463211611186298
2025-08-25,Clean Transit-Infrastructure Wave,0.006532475005713937,0.0027852677279242054
2025-08-26,Clean Transit-Infrastructure Wave,0.006886601686431024,0.0088649466006972
2025-08-27,Clean Transit-Infrastructure Wave,0.004176198402097109,0.0015847153583862096
2025-08-28,Clean Transit-Infrastructure Wave,-0.008310683366612922,-0.0052977661091924075
2025-08-29,Clean Transit-Infrastructure Wave,0.012367346201773311,0.011890683245647828
2025-08-30,Clean Transit-Infrastructure Wave,-0.0018811043631205408,0.000768021978026193
2025-08-31,Clean Transit-Infrastructure Wave,-0.00854614374993766,0.009782054762139558
2025-09-01,Clean Transit-Infrastructure Wave,0.007154168236917786,0.015929739491709994
2025-09-02,Clean Transit-Infrastructure Wave,-0.008283230771797389,-0.0026240631921457375
2025-09-03,Clean Transit-Infrastructure Wave,0.002814459225255723,0.005571916301806166
2025-09-04,Clean Transit-Infrastructure Wave,-0.0016566763754763234,-0.006583688723629603
2025-09-05,Clean Transit-Infrastructure Wave,0.009314075289235712,0.006169082900364654
2025-09-06,Clean Transit-Infrastructure Wave,-0.00866274100563725,0.011243542408843966
2025-09-07,Clean Transit-Infrastructure Wave,0.012201987091966038,0.001474371977982343
2025-09-08,Clean Transit-Infrastructure Wave,0.0012959786237603638,0.004832462168927258
2025-09-09,Clean Transit-Infrastructure Wave,-0.008117030702562582,0.0006402518333126574
2025-09-10,Clean Transit-Infrastructure Wave,-0.021023835446091804,0.007411645164023485
2025-09-11,Clean Transit-Infrastructure Wave,-0.015114932224418594,0.012427358627431991
2025-09-12,Clean Transit-Infrastructure Wave,-0.002801200939664503,-0.0012933358554494151
2025-09-13,Clean Transit-Infrastructure Wave,-0.005777339060845056,-0.001904310991376611
2025-09-14,Clean Transit-Infrastructure Wave,0.014685313451480367,-0.019502469252280635
2025-09-15,Clean Transit-Infrastructure Wave,0.013269653860881879,0.0031041878488136656
2025-09-16,Clean Transit-Infrastructure Wave,-0.011570216478572155,-0.008202499144393903
2025-09-17,Clean Transit-Infrastructure Wave,0.01726393027208203,-0.00716405503954185
2025-09-18,Clean Transit-Infrastructure Wave,-0.011033505105959594,0.009498516338917833
2025-09-19,Clean Transit-Infrastructure Wave,0.0038855287628591427,-0.007103404612291191
2025-09-20,Clean Transit-Infrastructure Wave,0.00266624975404619,-0.007806021469122217
2025-09-21,Clean Transit-Infrastructure Wave,0.011508213984226053,0.008890967718985067
2025-09-22,Clean Transit-Infrastructure Wave,0.005820061988219431,0.0032932884899761327
2025-09-23,Clean Transit-Infrastructure Wave,0.018111881248673738,0.00039749061910580234
2025-09-24,Clean Transit-Infrastructure Wave,-0.01131874125420801,0.003995791302658455
2025-09-25,Clean Transit-Infrastructure Wave,0.02136047049537114,-0.007718075945486818
2025-09-26,Clean Transit-Infrastructure Wave,-0.0031146276669398575,0.0037315683048116215
2025-09-27,Clean Transit-Infrastructure Wave,-3.9048490057391554e-05,-0.007458428643018517
2025-09-28,Clean Transit-Infrastructure Wave,0.011718578562304708,0.018960325776138078
2025-09-29,Clean Transit-Infrastructure Wave,0.0024613145902390734,-0.0068325463178880025
2025-09-30,Clean Transit-Infrastructure Wave,-0.01498960525053475,0.0024638078497694472
2025-10-01,Clean Transit-Infrastructure Wave,0.011538773433162577,0.004201341971963053
2025-10-02,Clean Transit-Infrastructure Wave,0.00047596159081146155,-0.004314173214314449
2025-10-03,Clean Transit-Infrastructure Wave,-0.010421636327180897,0.0070780106105990575
2025-10-04,Clean Transit-Infrastructure Wave,0.009637716213855858,-0.011965838293525866
2025-10-05,Clean Transit-Infrastructure Wave,0.01639838978180684,0.004992569767152011
2025-10-06,Clean Transit-Infrastructure Wave,0.014495946451457936,-0.010337021987880921
2025-10-07,Clean Transit-Infrastructure Wave,-0.013158241554154388,-0.0007917544781383754
2025-10-08,Clean Transit-Infrastructure Wave,0.005527844268951943,0.014770886583415709
2025-10-09,Clean Transit-Infrastructure Wave,0.007560789138151315,-0.0015414502144962667
2025-10-10,Clean Transit-Infrastructure Wave,-0.009763692076658921,0.0102400045817532
2025-10-11,Clean Transit-Infrastructure Wave,-0.009147054257507147,0.013427748438178573
2025-10-12,Clean Transit-Infrastructure Wave,-0.002343846496065093,0.013124656580942803
2025-10-13,Clean Transit-Infrastructure Wave,0.0072893129005927836,-0.0006959639155396662
2025-10-14,Clean Transit-Infrastructure Wave,-0.004693963718261267,-0.002327263018768638
2025-10-15,Clean Transit-Infrastructure Wave,0.004783166923752375,0.001017251969741734
2025-10-16,Clean Transit-Infrastructure Wave,-0.005438114080687052,-0.0009250512825410579
2025-10-17,Clean Transit-Infrastructure Wave,0.001285770297191498,-0.016629872755318496
2025-10-18,Clean Transit-Infrastructure Wave,0.005081681147886987,-0.007437769797734454
2025-10-19,Clean Transit-Infrastructure Wave,-0.01103332403205745,-0.013098754776885683
2025-10-20,Clean Transit-Infrastructure Wave,-0.017438924978678903,-0.010443580024898315
2025-10-21,Clean Transit-Infrastructure Wave,-0.0065902095763049045,0.01602607310021255
2025-10-22,Clean Transit-Infrastructure Wave,-0.004758796758952039,0.0018220008501442506
2025-10-23,Clean Transit-Infrastructure Wave,0.0045048138650632865,0.0014485214897267899
2025-10-24,Clean Transit-Infrastructure Wave,-0.0002744346072599365,-0.009162350108793958
2025-10-25,Clean Transit-Infrastructure Wave,0.01500927548279212,0.014857573149103081
2025-10-26,Clean Transit-Infrastructure Wave,-0.016326586941226857,-0.007792228727091036
2025-10-27,Clean Transit-Infrastructure Wave,-0.002298103423770061,-0.00731630235928153
2025-10-28,Clean Transit-Infrastructure Wave,0.005559655534558653,-0.005426177619252904
2025-10-29,Clean Transit-Infrastructure Wave,0.022150560678066027,0.009924388754748768
2025-10-30,Clean Transit-Infrastructure Wave,0.0026257403063221487,0.008615890106557857
2025-10-31,Clean Transit-Infrastructure Wave,0.01155900424357309,-0.0041115799044659455
2025-11-01,Clean Transit-Infrastructure Wave,-0.007662172445419647,0.0010251445037571796
2025-11-02,Clean Transit-Infrastructure Wave,0.009116361244979441,0.0015124831892273413
2025-11-03,Clean Transit-Infrastructure Wave,-0.015269964821909971,-0.006022595551606738
2025-11-04,Clean Transit-Infrastructure Wave,-0.0002397286359437803,-0.0002053248346066421
2025-11-05,Clean Transit-Infrastructure Wave,0.020225421767898082,-0.010687903539191985
2025-11-06,Clean Transit-Infrastructure Wave,0.005555892418358747,0.012312904866626315
2025-11-07,Clean Transit-Infrastructure Wave,0.02321449745422796,-0.00283517938547169
2025-11-08,Clean Transit-Infrastructure Wave,0.005414294527201997,0.004958082857589176
2025-11-09,Clean Transit-Infrastructure Wave,0.002454817315532908,-0.0003907616099144484
2025-11-10,Clean Transit-Infrastructure Wave,0.004859753895000459,-0.01985796868175748
2025-11-11,Clean Transit-Infrastructure Wave,0.007320694900626312,0.0014094232292957375
2025-11-12,Clean Transit-Infrastructure Wave,-0.0017247489677826538,0.016774897565756463
2025-11-13,Clean Transit-Infrastructure Wave,-0.0062493401879055235,-0.0028246079125202462
2025-11-14,Clean Transit-Infrastructure Wave,0.020415533022047343,-0.006256490438798853
2025-11-15,Clean Transit-Infrastructure Wave,-0.005001152829365389,-0.0007762033874468
2025-11-16,Clean Transit-Infrastructure Wave,0.008907344821295493,0.002062420058826507
2025-11-17,Clean Transit-Infrastructure Wave,-0.012426253471522626,-0.0038573485050175157
2025-11-18,Clean Transit-Infrastructure Wave,-0.005573544332122114,-0.00021776836178436458
2025-11-19,Clean Transit-Infrastructure Wave,0.004758436586298291,0.003745646047103777
2025-11-20,Clean Transit-Infrastructure Wave,-0.01726011754048402,0.008911527900486849
2025-11-21,Clean Transit-Infrastructure Wave,0.003025688459966235,0.011476256380751249
2025-11-22,Clean Transit-Infrastructure Wave,0.0049419832729067185,0.009210583661886098
2025-11-23,Clean Transit-Infrastructure Wave,0.00516545311450127,0.011169806049621984
2025-11-24,Clean Transit-Infrastructure Wave,0.005722506360177786,-0.00038332197154323247
2025-11-25,Clean Transit-Infrastructure Wave,0.02322434720446882,0.007512296978239137
2025-11-26,Clean Transit-Infrastructure Wave,0.006237444210044131,-0.009810435332306688
2025-11-27,Clean Transit-Infrastructure Wave,-0.012383076174635377,0.0027417238571348273
2025-11-28,Clean Transit-Infrastructure Wave,0.0019552119776824082,-0.0045129805200665295
2025-11-29,Clean Transit-Infrastructure Wave,0.0019098269961206002,0.013109015424348766
2025-11-30,Clean Transit-Infrastructure Wave,0.0074540247455029875,-0.008728068078021907
2025-12-01,Clean Transit-Infrastructure Wave,-0.000615088271429437,-0.006039731846820487
2025-12-02,Clean Transit-Infrastructure Wave,-0.0033769991640856117,-0.002908925325037142
2025-12-03,Clean Transit-Infrastructure Wave,-0.0042764558260400525,-0.00964108297578716
2025-12-04,Clean Transit-Infrastructure Wave,-0.0007765468151819013,-0.00408486109477848
2025-12-05,Clean Transit-Infrastructure Wave,-0.02879448690002268,0.016823776196013305
2025-12-06,Clean Transit-Infrastructure Wave,0.01138769654216672,-0.002610405799399968
2025-12-07,Clean Transit-Infrastructure Wave,0.0006881904974059842,-0.008973234778540496
2025-12-08,Clean Transit-Infrastructure Wave,0.017457228778108652,0.015578309558184893
2025-12-09,Clean Transit-Infrastructure Wave,0.002066937282465246,0.008588245153482757
2025-12-10,Clean Transit-Infrastructure Wave,0.0022528677893392385,-0.010293803511007445
2025-12-11,Clean Transit-Infrastructure Wave,-0.0036182336896365733,0.0014554237341756564
2025-12-12,Clean Transit-Infrastructure Wave,-0.004045477187434442,-0.001349226219480288
2025-12-13,Clean Transit-Infrastructure Wave,-0.00041399557509114453,-0.00024702798292369044
2025-12-14,Clean Transit-Infrastructure Wave,0.001022584904974832,-0.008084840531172808
2025-12-15,Clean Transit-Infrastructure Wave,-0.006670161491279362,-0.009876674125599755
2025-12-16,Clean Transit-Infrastructure Wave,0.010278155496862004,-0.016445175534722595
2025-12-17,Clean Transit-Infrastructure Wave,0.012035903433169255,0.011490795178102746
2025-12-18,Clean Transit-Infrastructure Wave,-0.002521805869826214,-0.020425096702618387
2025-12-19,Clean Transit-Infrastructure Wave,-0.003113105619672905,-0.00011347329031055419
2025-12-20,Clean Transit-Infrastructure Wave,-0.009605982199289135,-0.003721747150465942
2025-12-21,Clean Transit-Infrastructure Wave,0.015801951988633513,0.005719417298413928
2025-12-22,Clean Transit-Infrastructure Wave,-0.008745641143781,-0.012380793356763458
2025-12-23,Clean Transit-Infrastructure Wave,-0.002770173176097711,-0.001307654234803506
2025-12-24,Clean Transit-Infrastructure Wave,0.0054619918736331634,-0.003882533700541272
2025-12-25,Clean Transit-Infrastructure Wave,0.005614995753618615,0.015881232320481834
2025-12-26,Clean Transit-Infrastructure Wave,0.008655010224442627,1.5291941353819344e-05
2025-12-27,Clean Transit-Infrastructure Wave,-0.0013315047105329468,-0.0024533850734389695
2025-12-28,Clean Transit-Infrastructure Wave,0.012306409124521448,-0.004618507567610423
2025-12-29,Clean Transit-Infrastructure Wave,0.0009522270899998257,0.0008095832150486827
2025-12-30,Clean Transit-Infrastructure Wave,-0.004517841928115321,-0.010579724383072807
2025-12-31,Clean Transit-Infrastructure Wave,0.003729745036176682,-8.803177484306842e-05
2026-01-01,Clean Transit-Infrastructure Wave,0.005502404694365699,-0.0038688024515133347
2026-01-02,Clean Transit-Infrastructure Wave,0.012708212988130478,-0.006614190249694759
2026-01-03,Clean Transit-Infrastructure Wave,0.017620402840178927,-0.013581092078626093
2026-01-04,Clean Transit-Infrastructure Wave,0.0048477006455689125,0.004203445460212988
2026-01-05,Clean Transit-Infrastructure Wave,-0.0074555706794088225,0.003795151502888101
2026-01-06,Clean Transit-Infrastructure Wave,0.013295186697601588,-0.017334550714832513
2026-01-07,Clean Transit-Infrastructure Wave,0.0055274480749081464,-0.01954616656264062
2026-01-08,Clean Transit-Infrastructure Wave,-0.009156648035232081,0.013433330919207561
2026-01-09,Clean Transit-Infrastructure Wave,-0.00531782033392054,-0.008991039715271782
2026-01-10,Clean Transit-Infrastructure Wave,-0.0014793772898468189,0.01694325070530842
2026-01-11,Clean Transit-Infrastructure Wave,-0.017816822472060262,-0.008010479293114757
2026-01-12,Clean Transit-Infrastructure Wave,0.015474316831796264,0.015261618748301859
2026-01-13,Clean Transit-Infrastructure Wave,-0.0005343122429028392,-0.009512421620213141
2026-01-14,Clean Transit-Infrastructure Wave,0.021458435018091592,0.013155539133993574
2026-01-15,Clean Transit-Infrastructure Wave,0.007289469877622329,-0.00609921879149936
2026-01-16,Clean Transit-Infrastructure Wave,9.706591619632683e-06,-0.0008828806483586462
2026-01-17,Clean Transit-Infrastructure Wave,0.003808513046155778,0.012008011505050688
2026-01-18,Clean Transit-Infrastructure Wave,0.009294170411374033,-0.008219008615878067
2026-01-19,Clean Transit-Infrastructure Wave,0.014264964500195378,0.0029050571201052425
2026-01-20,Clean Transit-Infrastructure Wave,0.007370657958589162,0.012132326874228822
2026-01-21,Clean Transit-Infrastructure Wave,-0.010615802495135511,0.00011339537034829654
2026-01-22,Clean Transit-Infrastructure Wave,-0.004814545513592151,-0.012142875402923648
2026-01-23,Clean Transit-Infrastructure Wave,0.003967099776049199,0.02049245241267539
2026-01-24,Clean Transit-Infrastructure Wave,-0.01790077744505753,0.00014175511160423744
2026-01-25,Clean Transit-Infrastructure Wave,0.006905429350747734,0.0013846256132494493
2026-01-26,Clean Transit-Infrastructure Wave,-0.000631280525157404,-0.009993730907566594
2026-01-27,Clean Transit-Infrastructure Wave,0.002827867429401636,-0.00565411181612741
2026-01-28,Clean Transit-Infrastructure Wave,-0.02139921704978553,0.009956737764109845
2026-01-29,Clean Transit-Infrastructure Wave,0.010083858198420425,0.0008132878148086384
2026-01-30,Clean Transit-Infrastructure Wave,0.0027907468820570257,0.00899454410172449
2026-01-31,Clean Transit-Infrastructure Wave,0.002743396567780826,0.007632140438090515
2026-02-01,Clean Transit-Infrastructure Wave,-0.0024748220087385015,0.010895869908591573
2026-02-02,Clean Transit-Infrastructure Wave,0.0037078572593268392,0.0019524155488469923
2026-02-03,Clean Transit-Infrastructure Wave,-0.01220061088712032,0.00269564683441367
2026-02-04,Clean Transit-Infrastructure Wave,-0.00781954917494451,-0.004706261812227953
2026-02-05,Clean Transit-Infrastructure Wave,-0.007653756283161211,-0.0081298794551938
2026-02-06,Clean Transit-Infrastructure Wave,0.021747714030169615,0.011050712495907224
2026-02-07,Clean Transit-Infrastructure Wave,0.019703675021442612,-0.009383160156444512
2026-02-08,Clean Transit-Infrastructure Wave,0.0012125374991089248,-0.009948061001632768
2026-02-09,Clean Transit-Infrastructure Wave,-0.006456948771970641,-0.006945015867332599
2026-02-10,Clean Transit-Infrastructure Wave,0.012895840064415616,-0.0027698374248140787
2026-02-11,Clean Transit-Infrastructure Wave,0.011183793336940164,0.005232967116708144
2026-02-12,Clean Transit-Infrastructure Wave,0.02353638752104789,-0.011435553785117793
2026-02-13,Clean Transit-Infrastructure Wave,0.01309233239786799,0.009571526963205821
2026-02-14,Clean Transit-Infrastructure Wave,-0.009233788380270346,0.008457066691785276
2026-02-15,Clean Transit-Infrastructure Wave,0.0038614496302622884,-0.0014198100796272623
2025-08-20,Future Power & Energy Wave,-0.007739354869719996,-0.005352875611593488
2025-08-21,Future Power & Energy Wave,0.020998120957859263,0.00040546255165986106
2025-08-22,Future Power & Energy Wave,0.008321300015314592,-0.005927195053340425
2025-08-23,Future Power & Energy Wave,-0.007298529462216388,0.009055878473999537
2025-08-24,Future Power & Energy Wave,-0.012995762115515322,-0.002921710143242172
2025-08-25,Future Power & Energy Wave,0.0008402741107223204,0.0012909808147204193
2025-08-26,Future Power & Energy Wave,-0.0012909328501615627,0.003566558248767385
2025-08-27,Future Power & Energy Wave,0.007428557558178115,0.006277100363674641
2025-08-28,Future Power & Energy Wave,-0.009358038086678266,-0.0018732407834303776
2025-08-29,Future Power & Energy Wave,0.012447628618769378,0.007557177500590978
2025-08-30,Future Power & Energy Wave,-0.013228594514810638,0.0032118392028176136
2025-08-31,Future Power & Energy Wave,-0.0192822524937481,0.000775479216482957
2025-09-01,Future Power & Energy Wave,0.01947767016745977,-0.00718314173815189
2025-09-02,Future Power & Energy Wave,-0.00784323045491582,0.0065122382525828765
2025-09-03,Future Power & Energy Wave,-0.01492801515209646,-0.004662040239080312
2025-09-04,Future Power & Energy Wave,0.006464411375817526,-0.004674286781515225
2025-09-05,Future Power & Energy Wave,-0.0018596998721097163,0.006353485682520277
2025-09-06,Future Power & Energy Wave,0.004715460835365613,0.002534547170363215
2025-09-07,Future Power & Energy Wave,-0.0028912227927003873,0.0033604889221516433
2025-09-08,Future Power & Energy Wave,-0.0007373268009975662,0.004062444879406278
2025-09-09,Future Power & Energy Wave,-0.004469320251179782,-0.001060551795036329
2025-09-10,Future Power & Energy Wave,-0.009399577925520139,0.00011993911995011278
2025-09-11,Future Power & Energy Wave,-0.007610008636288449,-0.008512371601295948
2025-09-12,Future Power & Energy Wave,0.0030866114785538814,0.002101918206861283
2025-09-13,Future Power & Energy Wave,0.008328737349485726,-0.0030490045566007925
2025-09-14,Future Power & Energy Wave,0.004580528468367557,0.004806380578189306
2025-09-15,Future Power & Energy Wave,0.004947738078315948,-0.006205229462417137
2025-09-16,Future Power & Energy Wave,0.0019936348227118893,0.003313122368437291
2025-09-17,Future Power & Energy Wave,0.0005717846690794195,-0.016291821266968678
2025-09-18,Future Power & Energy Wave,0.002104896239734801,0.01810024831517794
2025-09-19,Future Power & Energy Wave,-0.0031003926875698275,-0.00542461678284257
2025-09-20,Future Power & Energy Wave,0.004233485597113982,0.002899025683732574
2025-09-21,Future Power & Energy Wave,0.012427351654164144,-0.009662945247271104
2025-09-22,Future Power & Energy Wave,0.007813802525749924,0.005123376490011708
2025-09-23,Future Power & Energy Wave,-0.0009214653694054611,0.0031094985433735203
2025-09-24,Future Power & Energy Wave,0.010794574815983574,0.007378523040227603
2025-09-25,Future Power & Energy Wave,-0.010930193120737286,0.0069612654940438765
2025-09-26,Future Power & Energy Wave,-0.00014688605032518482,0.000982992784124123
2025-09-27,Future Power & Energy Wave,0.001231969910016945,-0.00080194391038608
2025-09-28,Future Power & Energy Wave,0.01241707497107065,-0.00026974367879369613
2025-09-29,Future Power & Energy Wave,-0.010695461283831687,-0.0027482388477578306
2025-09-30,Future Power & Energy Wave,0.002286947168104756,0.010233718274376403
2025-10-01,Future Power & Energy Wave,0.006530946849488337,-0.006404282229976351
2025-10-02,Future Power & Energy Wave,0.025351899166788917,0.002518202487823837
2025-10-03,Future Power & Energy Wave,0.01325390737999015,-0.0008137154686178331
2025-10-04,Future Power & Energy Wave,0.005833592447054494,0.007115748036147238
2025-10-05,Future Power & Energy Wave,0.01268194711754256,0.0088589464430258
2025-10-06,Future Power & Energy Wave,0.009221970000729779,-0.002120693849552869
2025-10-07,Future Power & Energy Wave,-0.005217460419560614,0.0030608600825935807
2025-10-08,Future Power & Energy Wave,0.009831280723410694,-0.0013817656062128565
2025-10-09,Future Power & Energy Wave,0.011151719657143866,0.012020933963889435
2025-10-10,Future Power & Energy Wave,-0.008663209190734197,-0.006295365630370239
2025-10-11,Future Power & Energy Wave,-0.0009037505890533645,0.0028609013455135716
2025-10-12,Future Power & Energy Wave,-0.004745670137670509,0.011217621430937155
2025-10-13,Future Power & Energy Wave,0.004740668615184513,0.0007155763859259159
2025-10-14,Future Power & Energy Wave,-0.013859095238685275,-0.010126526531420058
2025-10-15,Future Power & Energy Wave,0.003310092502818063,-0.01666076500923869
2025-10-16,Future Power & Energy Wave,0.01062637409644072,-0.0008652307549785626
2025-10-17,Future Power & Energy Wave,0.03293092969594733,0.018863330004928885
2025-10-18,Future Power & Energy Wave,-0.0013144906924751675,-0.00045069602025051974
2025-10-19,Future Power & Energy Wave,0.010455815140020298,0.014025380879344301
2025-10-20,Future Power & Energy Wave,-0.01588029057436017,-0.013891003722837494
2025-10-21,Future Power & Energy Wave,-0.0057203480555438144,0.005061900665390915
2025-10-22,Future Power & Energy Wave,0.005468735905075971,0.008958171639870801
2025-10-23,Future Power & Energy Wave,-0.011496975283653081,-0.01812915090375101
2025-10-24,Future Power & Energy Wave,0.009080141953021455,-0.006225570183721877
2025-10-25,Future Power & Energy Wave,-0.019684878643886378,0.001560509967675053
2025-10-26,Future Power & Energy Wave,0.008431756882186774,-0.0005764570569702181
2025-10-27,Future Power & Energy Wave,-0.004078483861824892,-0.0008748978571672525
2025-10-28,Future Power & Energy Wave,-0.0032058276240078286,-0.010384376895521338
2025-10-29,Future Power & Energy Wave,-0.006646806769904319,0.004570239240110516
2025-10-30,Future Power & Energy Wave,0.0037167854137650012,0.001744478447734562
2025-10-31,Future Power & Energy Wave,-0.009451484818533794,-0.0010520252970853373
2025-11-01,Future Power & Energy Wave,-0.021270650464428546,0.001827813311083118
2025-11-02,Future Power & Energy Wave,0.014788577078135674,-0.011393057056336846
2025-11-03,Future Power & Energy Wave,-0.005359276733177553,0.0030328542296810365
2025-11-04,Future Power & Energy Wave,0.013028426344274837,-0.003185796930401195
2025-11-05,Future Power & Energy Wave,-0.006422503292658964,-0.015351385139328667
2025-11-06,Future Power & Energy Wave,0.0015343812930810638,0.016736608321149954
2025-11-07,Future Power & Energy Wave,0.003273584619646759,0.0002217681665302935
2025-11-08,Future Power & Energy Wave,0.0037208231076698546,0.00031126396841118354
2025-11-09,Future Power & Energy Wave,-0.007630143722601299,0.006986239325421643
2025-11-10,Future Power & Energy Wave,0.002757615231117544,0.0005409060154692585
2025-11-11,Future Power & Energy Wave,-0.0092536602727825,0.010828063455478073
2025-11-12,Future Power & Energy Wave,0.007147027453331099,-0.004023366698938416
2025-11-13,Future Power & Energy Wave,0.010518248536819373,-0.0035805667070816574
2025-11-14,Future Power & Energy Wave,-0.00732003492511037,-0.005677624939842297
2025-11-15,Future Power & Energy Wave,-0.017210685530880912,0.004172339043345646
2025-11-16,Future Power & Energy Wave,-0.0178114487833835,-0.009427550650126102
2025-11-17,Future Power & Energy Wave,-0.02025588009078533,-0.00028855754232714445
2025-11-18,Future Power & Energy Wave,-0.0010032046027187208,-0.002213569705490912
2025-11-19,Future Power & Energy Wave,-0.009925776946705763,-0.008977870027493121
2025-11-20,Future Power & Energy Wave,0.005143698635465741,-0.004004415453667902
2025-11-21,Future Power & Energy Wave,0.0036635832153614476,-0.00668198948899378
2025-11-22,Future Power & Energy Wave,0.0023106274277108233,0.01082622429852851
2025-11-23,Future Power & Energy Wave,0.006361658003927833,-0.002899310545731843
2025-11-24,Future Power & Energy Wave,0.0030719897035592736,-0.0015253213962417042
2025-11-25,Future Power & Energy Wave,0.0005788018469472815,-0.002204888417188029
2025-11-26,Future Power & Energy Wave,-0.001143352058853912,0.002096746824593402
2025-11-27,Future Power & Energy Wave,-0.009433586995819506,-0.0077270306159198275
2025-11-28,Future Power & Energy Wave,-0.01338542553831211,-0.01240216883602968
2025-11-29,Future Power & Energy Wave,-0.011672826922204794,0.0016757000544330334
2025-11-30,Future Power & Energy Wave,-0.008427875154918841,0.0045089157138487705
2025-12-01,Future Power & Energy Wave,0.0008471374875256186,-0.015348033707504432
2025-12-02,Future Power & Energy Wave,0.007049755842216898,0.0068863891647336795
2025-12-03,Future Power & Energy Wave,-0.009438626748348533,0.003761532343159933
2025-12-04,Future Power & Energy Wave,-0.00806498237409199,0.0011813630139866833
2025-12-05,Future Power & Energy Wave,-0.012144984069549655,-0.013944851620276616
2025-12-06,Future Power & Energy Wave,-0.003328171896129687,-0.0005898315701986891
2025-12-07,Future Power & Energy Wave,-0.0034767969361460403,-0.009072244465780477
2025-12-08,Future Power & Energy Wave,-0.0034989906213113704,0.0025543580206458722
2025-12-09,Future Power & Energy Wave,5.106969877463017e-05,0.0018600082447937072
2025-12-10,Future Power & Energy Wave,-0.00620115200454233,0.009773743317729277
2025-12-11,Future Power & Energy Wave,-0.011261733365547807,0.004300482376693749
2025-12-12,Future Power & Energy Wave,0.012318910929599617,0.0042472647419911636
2025-12-13,Future Power & Energy Wave,-0.0015252422706483002,-0.0038263763733038334
2025-12-14,Future Power & Energy Wave,0.010860876510462561,-0.010983799402093385
2025-12-15,Future Power & Energy Wave,-0.009201242603796437,-0.002780462123933771
2025-12-16,Future Power & Energy Wave,0.012876537575119982,0.0034381410883271685
2025-12-17,Future Power & Energy Wave,-0.009180457585102454,-0.002082461643079229
2025-12-18,Future Power & Energy Wave,-0.0056432314409629435,-0.00527831193786828
2025-12-19,Future Power & Energy Wave,0.010288895585567793,-0.010573945034108046
2025-12-20,Future Power & Energy Wave,0.016587808557343736,0.007025837521476982
2025-12-21,Future Power & Energy Wave,0.01140861670603698,-0.003303516096202066
2025-12-22,Future Power & Energy Wave,-0.0009994071907910935,-0.011065214516197696
2025-12-23,Future Power & Energy Wave,-0.00474662407066803,0.004349238781145208
2025-12-24,Future Power & Energy Wave,0.013460630617813963,-0.008457254534419615
2025-12-25,Future Power & Energy Wave,-0.0031550593698526585,-0.0008103937618601786
2025-12-26,Future Power & Energy Wave,-0.013457892021924852,0.005130793934067203
2025-12-27,Future Power & Energy Wave,-0.006739903317426091,-0.0011631228094161918
2025-12-28,Future Power & Energy Wave,-0.004019493719118777,-0.005914708045757395
2025-12-29,Future Power & Energy Wave,0.00042955014519445304,-0.0013248766285441792
2025-12-30,Future Power & Energy Wave,-0.003218578822786656,-0.005427692973442742
2025-12-31,Future Power & Energy Wave,0.003695246707829554,0.01362893814793828
2026-01-01,Future Power & Energy Wave,0.0018988723283912738,0.00836894571928903
2026-01-02,Future Power & Energy Wave,-0.013402219251534626,0.0016620915143501559
2026-01-03,Future Power & Energy Wave,-0.010473683189710665,-0.011415399420255212
2026-01-04,Future Power & Energy Wave,-0.006893714074590364,0.009935194675308583
2026-01-05,Future Power & Energy Wave,0.010000158286696457,0.0023440377764351976
2026-01-06,Future Power & Energy Wave,-0.014827005598899308,-0.0011702452111034944
2026-01-07,Future Power & Energy Wave,0.0035170000890173553,0.0018042898366287833
2026-01-08,Future Power & Energy Wave,-0.017937935834807458,-0.0067225427841589745
2026-01-09,Future Power & Energy Wave,-0.00014077764148716636,0.00469032727613752
2026-01-10,Future Power & Energy Wave,-0.021461278210999465,-0.0008969918038388676
2026-01-11,Future Power & Energy Wave,0.0019304876987895235,0.007196895908129705
2026-01-12,Future Power & Energy Wave,0.007428575842374368,0.005060570550470442
2026-01-13,Future Power & Energy Wave,-0.007499405067019342,-0.01486401709698646
2026-01-14,Future Power & Energy Wave,-0.0034305275706140097,0.00841305460166848
2026-01-15,Future Power & Energy Wave,0.014434545275244315,0.006084392818382283
2026-01-16,Future Power & Energy Wave,0.004793408228017344,0.003437117187087724
2026-01-17,Future Power & Energy Wave,-0.005061187467607805,-0.0006404823484289603
2026-01-18,Future Power & Energy Wave,0.017190695258263312,-0.0071404640463350105
2026-01-19,Future Power & Energy Wave,0.016647787907098515,-0.002176225235936467
2026-01-20,Future Power & Energy Wave,0.013754321090950785,-0.010854520075980307
2026-01-21,Future Power & Energy Wave,0.006359042011646492,-0.0054941610875809755
2026-01-22,Future Power & Energy Wave,-0.013652671919241875,0.0021482723392875656
2026-01-23,Future Power & Energy Wave,0.010594717885959688,-0.006359531508747971
2026-01-24,Future Power & Energy Wave,-0.014490159604584012,-0.00033475811467964105
2026-01-25,Future Power & Energy Wave,-0.00037435328777181073,0.00478655702043599
2026-01-26,Future Power & Energy Wave,0.009995945713644884,-7.532145017995277e-05
2026-01-27,Future Power & Energy Wave,0.01905503314794263,0.0021938779562823345
2026-01-28,Future Power & Energy Wave,-0.002964265060068996,-0.012492538872822624
2026-01-29,Future Power & Energy Wave,-0.0021265952031616774,-0.00229109556328909
2026-01-30,Future Power & Energy Wave,0.010103047962814705,0.0040998689925348325
2026-01-31,Future Power & Energy Wave,-0.011293691216326172,0.0017780350912883
2026-02-01,Future Power & Energy Wave,0.0072153117172905346,0.012624250875102662
2026-02-02,Future Power & Energy Wave,0.009375039674140594,0.006486773234491823
2026-02-03,Future Power & Energy Wave,0.0011008599461516362,0.0035064960433875973
2026-02-04,Future Power & Energy Wave,0.012995049007061587,-0.010262219179837198
2026-02-05,Future Power & Energy Wave,-0.002994393272169559,-0.005780549990049926
2026-02-06,Future Power & Energy Wave,0.004291531187261241,0.010241777405206301
2026-02-07,Future Power & Energy Wave,-0.005469742867210739,-0.018722434939755502
2026-02-08,Future Power & Energy Wave,-0.003622207450244702,0.007707789856139253
2026-02-09,Future Power & Energy Wave,0.005876299029498797,0.0038254899824846094
2026-02-10,Future Power & Energy Wave,-0.0022999330187447975,-0.009832245889758291
2026-02-11,Future Power & Energy Wave,0.005652943216244674,-0.006274254480276998
2026-02-12,Future Power & Energy Wave,0.022340967333804564,0.004964057666836128
2026-02-13,Future Power & Energy Wave,-0.0053064830255395105,-0.004491081979109026
2026-02-14,Future Power & Energy Wave,-0.00042944206613588283,-0.0015160153761739983
2026-02-15,Future Power & Energy Wave,0.011668337755299543,0.0018913293579523706
2025-08-20,Growth Wave,-0.00681631738908528,0.015523525481246261
2025-08-21,Growth Wave,0.0009930833152022264,0.006550717407751175
2025-08-22,Growth Wave,-0.005582265074447593,0.0033049250219561875
2025-08-23,Growth Wave,0.003611099911431952,-0.014717194336769225
2025-08-24,Growth Wave,0.0206527511046064,0.010725155687380377
2025-08-25,Growth Wave,-0.003471953161459876,-0.008418157923646844
2025-08-26,Growth Wave,0.00397561613803552,0.0010935815953151727
2025-08-27,Growth Wave,0.0040566894856322935,0.001932619169552717
2025-08-28,Growth Wave,0.005562409893059261,0.011978445595134451
2025-08-29,Growth Wave,0.006181032051286461,-0.00799724399127953
2025-08-30,Growth Wave,0.01412562852712452,0.013524916507906298
2025-08-31,Growth Wave,0.03202056734512085,-0.008587952265916785
2025-09-01,Growth Wave,0.00292882013150275,-0.016256789625511896
2025-09-02,Growth Wave,0.006031491563792091,-0.003985602385334181
2025-09-03,Growth Wave,0.019734457948249535,-0.005796919760148655
2025-09-04,Growth Wave,-0.016391830379672616,-0.003370109925620157
2025-09-05,Growth Wave,-0.019254877712171374,0.006408795636058481
2025-09-06,Growth Wave,-0.020150830462563205,0.000627660649465271
2025-09-07,Growth Wave,-0.020278118198561967,-0.0021623824362931353
2025-09-08,Growth Wave,0.01693378155804534,0.0032851831314863597
2025-09-09,Growth Wave,-0.008134936049649339,0.0001503720884873282
2025-09-10,Growth Wave,0.0006801687204444659,0.004181042766747245
2025-09-11,Growth Wave,-0.013168583632808263,0.0051405381907786455
2025-09-12,Growth Wave,-0.026543916316027753,-0.0046390764189104825
2025-09-13,Growth Wave,-0.004382738424515446,0.005466614608569908
2025-09-14,Growth Wave,0.0007263085267686914,-0.010844504430850294
2025-09-15,Growth Wave,-0.00934993125817015,0.0019894400763792552
2025-09-16,Growth Wave,-0.00029067341864556285,-0.004232992877085971
2025-09-17,Growth Wave,-0.004308337895119793,0.005969343977274312
2025-09-18,Growth Wave,-0.004676925728692147,-0.00030472995223258624
2025-09-19,Growth Wave,0.022199365880805427,-0.010989461095071386
2025-09-20,Growth Wave,-0.018018427315746585,0.006668717318388854
2025-09-21,Growth Wave,-0.006286430612941032,-0.0021459002219409618
2025-09-22,Growth Wave,-0.007311563781311143,-0.0016784011261401003
2025-09-23,Growth Wave,0.016485381120963413,0.006817027668944955
2025-09-24,Growth Wave,0.009122235118869771,-0.010929816446341166
2025-09-25,Growth Wave,-0.011011537365528692,-0.022312629275883414
2025-09-26,Growth Wave,-0.00759380821082754,0.008053625491085268
2025-09-27,Growth Wave,0.005669465157483709,-0.0013721061036169912
2025-09-28,Growth Wave,0.00027699716281946946,-0.0051110843406032445
2025-09-29,Growth Wave,0.0025475888240178417,0.006527026235844919
2025-09-30,Growth Wave,-0.015658867874104726,0.002797181502698785
2025-10-01,Growth Wave,0.009824348709546673,-0.002920802311706957
2025-10-02,Growth Wave,0.007507006121205837,0.022917235555780426
2025-10-03,Growth Wave,-0.0005434279298689192,0.0035464564000425892
2025-10-04,Growth Wave,-0.006880570836613916,0.0018500093008164032
2025-10-05,Growth Wave,0.005102716249823039,0.0019587387221611046
2025-10-06,Growth Wave,-0.009696953197088567,0.0020508941706036056
2025-10-07,Growth Wave,0.01512195938717637,0.003989086116116218
2025-10-08,Growth Wave,0.010119871890718411,-0.0014960957601010219
2025-10-09,Growth Wave,0.007999002394237106,0.002634142705732208
2025-10-10,Growth Wave,-0.009009107296872319,0.002948168038390996
2025-10-11,Growth Wave,-0.009416966634403105,-0.0046630421990783355
2025-10-12,Growth Wave,0.0023932830729237412,0.0027779541870409925
2025-10-13,Growth Wave,-0.011392324650771292,0.008831886169463008
2025-10-14,Growth Wave,0.006220062783004729,-0.00523782748488707
2025-10-15,Growth Wave,-0.014875847964491753,-0.0007592366326514505
2025-10-16,Growth Wave,-0.003959437138611601,0.0013051236564241824
2025-10-17,Growth Wave,-0.0031311666115556654,-0.015659654885960078
2025-10-18,Growth Wave,-0.0033834693830115843,-0.002044952888546504
2025-10-19,Growth Wave,0.006836610247740587,-0.005185597396888397
2025-10-20,Growth Wave,0.017286746733725662,-0.014893124405214057
2025-10-21,Growth Wave,0.013611674978026246,-0.0013945517670248383
2025-10-22,Growth Wave,0.009095848723435563,0.0010384118724698647
2025-10-23,Growth Wave,0.011895555360254693,-0.0026988957164224897
2025-10-24,Growth Wave,-0.010486204251778122,0.011764034298168505
2025-10-25,Growth Wave,-0.0006348064588214118,0.002172467788993685
2025-10-26,Growth Wave,0.012847519140447952,-0.00785564193675548
2025-10-27,Growth Wave,0.006454908976392573,-0.004319158051703127
2025-10-28,Growth Wave,-0.0008216935564437184,0.0009782317230743111
2025-10-29,Growth Wave,-0.01450221861446936,-0.005830696342563478
2025-10-30,Growth Wave,0.014010728924131393,0.007489529508678365
2025-10-31,Growth Wave,-0.00012639577327234867,0.0023449876681031446
2025-11-01,Growth Wave,-0.0024424250563645764,0.011252667086623857
2025-11-02,Growth Wave,-0.001503525777941639,0.0022547367370787845
2025-11-03,Growth Wave,0.011960301441420651,-0.005818971878767253
2025-11-04,Growth Wave,0.01608789184496894,-0.011843691277947016
2025-11-05,Growth Wave,0.016796421311127987,-0.0025814046716157966
2025-11-06,Growth Wave,-0.0019269874782528174,-0.014720081369463544
2025-11-07,Growth Wave,-0.004047947173776928,-0.007918452248215075
2025-11-08,Growth Wave,-0.005576463453734727,-0.0006984877263110369
2025-11-09,Growth Wave,0.010077916144729056,0.0020608268112050064
2025-11-10,Growth Wave,0.0035767665340111386,-0.0083641551107645
2025-11-11,Growth Wave,-0.008307540896027301,0.014789800146810495
2025-11-12,Growth Wave,-0.006852010347632467,0.013649666016458364
2025-11-13,Growth Wave,-0.0019306119888086652,0.00041830348914803243
2025-11-14,Growth Wave,0.0112036516022993,0.010575139375509251
2025-11-15,Growth Wave,-0.0006081256027908749,-0.002705944428172311
2025-11-16,Growth Wave,-5.920448522213123e-05,0.0031036602258569463
2025-11-17,Growth Wave,0.009413036868697556,0.0004338388719532126
2025-11-18,Growth Wave,0.006688862980231537,0.013506877858167527
2025-11-19,Growth Wave,0.0043130961226478465,0.002893222848038227
2025-11-20,Growth Wave,-0.014689108250900678,-0.02064584109463251
2025-11-21,Growth Wave,0.004383757292301683,-0.00035859385024697785
2025-11-22,Growth Wave,-0.00464782674914742,0.0023482416334907573
2025-11-23,Growth Wave,-0.00010403729196908288,0.009422242005071187
2025-11-24,Growth Wave,0.0013611086825897792,-0.0055753862805613405
2025-11-25,Growth Wave,0.01040166238959289,-0.00133704859956962
2025-11-26,Growth Wave,0.005765366836723072,-0.0034192856495424036
2025-11-27,Growth Wave,-0.005998268854974363,0.0010733458414855692
2025-11-28,Growth Wave,0.0006282864354368512,0.004238616282934664
2025-11-29,Growth Wave,-0.0021864575330974257,-0.01429087827016318
2025-11-30,Growth Wave,-0.0038277388358838866,0.0067505477371505255
2025-12-01,Growth Wave,-0.0024737607924310645,-0.0015710672201163843
2025-12-02,Growth Wave,0.01036376505905937,-0.005295785818071382
2025-12-03,Growth Wave,-0.014928032182428996,-0.000885048956203955
2025-12-04,Growth Wave,-0.004341739512487371,-0.007329970558026032
2025-12-05,Growth Wave,-0.0012537845589869073,0.0043320451779742695
2025-12-06,Growth Wave,0.00040711438432184256,0.0028558485814899025
2025-12-07,Growth Wave,0.018634076985154232,-0.0023430308924605125
2025-12-08,Growth Wave,0.003283486346446696,-0.003673706900793076
2025-12-09,Growth Wave,-0.007963597198869729,-0.0042792612273421585
2025-12-10,Growth Wave,-0.004287585715216886,0.0032758063803770047
2025-12-11,Growth Wave,0.023990757867007575,-0.005328347490206722
2025-12-12,Growth Wave,-0.003666253056154625,-0.00010498410488998599
2025-12-13,Growth Wave,0.004457988487097471,0.00250840649563828
2025-12-14,Growth Wave,0.013340957939481174,-0.019011136564281664
2025-12-15,Growth Wave,-0.023369298701956726,-0.0035670253760811945
2025-12-16,Growth Wave,0.011473001875437087,-0.012125184252844772
2025-12-17,Growth Wave,-0.02957632339693757,0.00496943524975367
2025-12-18,Growth Wave,0.002936572237027144,-0.008321667254395438
2025-12-19,Growth Wave,-0.0093553960072093,-0.0073579497570773955
2025-12-20,Growth Wave,0.0016053531747394015,-0.004610522209464056
2025-12-21,Growth Wave,0.0054406391897551965,-0.022437013303235127
2025-12-22,Growth Wave,-0.008068518651277994,-0.008608431687288403
2025-12-23,Growth Wave,-0.002063406783724922,-0.0039043820679211085
2025-12-24,Growth Wave,0.008478437798957666,-0.014474694173280461
2025-12-25,Growth Wave,0.00095491476330752,0.004866691385693645
2025-12-26,Growth Wave,0.01906647436561955,-0.0034541277687478015
2025-12-27,Growth Wave,0.0037445860435251707,-0.01403090234049892
2025-12-28,Growth Wave,-0.023419562043130237,0.007158195006253599
2025-12-29,Growth Wave,0.00044439706351929434,0.009828101518387382
2025-12-30,Growth Wave,-0.013234028889697491,0.00455921711623002
2025-12-31,Growth Wave,0.019188178405438534,0.0037576448668581275
2026-01-01,Growth Wave,0.0032658150559104876,0.0004684486465947987
2026-01-02,Growth Wave,-0.015208814571259121,0.011244583485682785
2026-01-03,Growth Wave,-0.005608576398050659,0.004435866051064136
2026-01-04,Growth Wave,-0.015130343065712534,-0.009035677316062245
2026-01-05,Growth Wave,0.014850873992222355,-0.002378418311662743
2026-01-06,Growth Wave,0.015032754760425447,-0.00022584527246814252
2026-01-07,Growth Wave,-0.017918977729578574,0.007536540797853765
2026-01-08,Growth Wave,-0.005398923177556077,0.005989510508136348
2026-01-09,Growth Wave,0.0007521086754008212,-0.011944945823542963
2026-01-10,Growth Wave,0.0021429476537056904,0.017969785137222395
2026-01-11,Growth Wave,0.005429864585144592,-6.014202404370502e-05
2026-01-12,Growth Wave,0.011253434019568978,0.0020853477216248866
2026-01-13,Growth Wave,0.002595342302627943,-0.008333001377272822
2026-01-14,Growth Wave,0.0028384802578959836,0.008683547331335558
2026-01-15,Growth Wave,-0.007860621521000246,0.01179596656997558
2026-01-16,Growth Wave,-0.00041706024145125983,-0.006702156092308325
2026-01-17,Growth Wave,0.010476320769202446,-0.0018943538859061543
2026-01-18,Growth Wave,0.00809514887486108,-0.0019340690580682974
2026-01-19,Growth Wave,-9.826143529903693e-05,0.0043484816346743334
2026-01-20,Growth Wave,0.003408970575900059,-0.015564254243613908
2026-01-21,Growth Wave,-0.010712437400943917,0.007835279878326523
2026-01-22,Growth Wave,-0.0008213658890154725,-0.0037898504221713742
2026-01-23,Growth Wave,-0.013085740152574743,-0.008237890570206787
2026-01-24,Growth Wave,-0.019717986399619473,-0.000410245749612263
2026-01-25,Growth Wave,-0.005484375805810468,-0.007332703127882522
2026-01-26,Growth Wave,-0.000181234251679531,0.0033117650468219052
2026-01-27,Growth Wave,0.021431979322099448,-0.01169506735650571
2026-01-28,Growth Wave,0.012093810433005222,0.008184812488120575
2026-01-29,Growth Wave,-0.007290927393767006,0.0020258876366882482
2026-01-30,Growth Wave,-0.004076332493376153,0.0018855086433499115
2026-01-31,Growth Wave,0.015591310134045506,0.005244849861050504
2026-02-01,Growth Wave,0.005586083732334419,-0.003042474559637139
2026-02-02,Growth Wave,-0.014340566649243353,-0.0012677456843232632
2026-02-03,Growth Wave,0.012566081548639153,-0.011817342852717181
2026-02-04,Growth Wave,-0.01005089368176695,0.0014101418898725454
2026-02-05,Growth Wave,-0.009346547848472624,-0.005940187576921701
2026-02-06,Growth Wave,-0.003735985817281771,-0.010524939233521196
2026-02-07,Growth Wave,-0.009241218462163683,0.0060274233342984705
2026-02-08,Growth Wave,-0.01257369782230964,-0.012382977075958703
2026-02-09,Growth Wave,-0.005800249795338944,0.006255644020078766
2026-02-10,Growth Wave,-0.0014692180799688957,-0.0033166486249249466
2026-02-11,Growth Wave,0.0009435879751560705,-0.013565659462877216
2026-02-12,Growth Wave,0.005447056537750324,0.0034674802512291536
2026-02-13,Growth Wave,-0.0035930847409572125,0.008447396094371333
2026-02-14,Growth Wave,-0.010774960989530387,0.009423271946028553
2026-02-15,Growth Wave,0.0020449366559525113,-0.002292420719025387
2025-08-20,Income Wave,0.0003012636463168843,-0.0004581181264875339
2025-08-21,Income Wave,0.012702828964177171,-0.008213433019768108
2025-08-22,Income Wave,-0.007125192391465982,0.008690423136579837
2025-08-23,Income Wave,-0.005455349351838593,0.0076042646186527335
2025-08-24,Income Wave,0.017494359830087097,-0.002814360215533069
2025-08-25,Income Wave,0.007313623265753053,-0.008829538250718869
2025-08-26,Income Wave,0.008047332980678092,0.001995391887894137
2025-08-27,Income Wave,0.005230382821602151,-0.0047645765762831605
2025-08-28,Income Wave,-0.016110834155671726,0.004426016517996039
2025-08-29,Income Wave,-0.020134031524794545,-0.0021388039379402783
2025-08-30,Income Wave,0.009911818664199698,0.0019351818869842885
2025-08-31,Income Wave,0.01998342644789813,0.008600873220654188
2025-09-01,Income Wave,-0.006038983883255765,0.0006185070388115094
2025-09-02,Income Wave,2.629297455564053e-05,-0.012257414106769018
2025-09-03,Income Wave,-0.008903989164843532,-0.004086087255838882
2025-09-04,Income Wave,-0.019862205028559368,0.0007799477460131436
2025-09-05,Income Wave,-0.001990718446530407,-0.012983151210492596
2025-09-06,Income Wave,0.004542128652773321,0.006126981957527676
2025-09-07,Income Wave,0.002770344788648889,-0.0021925454016717616
2025-09-08,Income Wave,0.006414421517518549,0.005841762883813529
2025-09-09,Income Wave,0.003574035697196884,-0.006196898003478088
2025-09-10,Income Wave,0.003266007655111807,0.00996384520660383
2025-09-11,Income Wave,-0.005466290586117303,0.017183514713059452
2025-09-12,Income Wave,-0.004756309339853845,0.0006592561067210897
2025-09-13,Income Wave,-0.006224855960063362,0.002186166687362087
2025-09-14,Income Wave,-0.016922216926352752,-0.00396833439053377
2025-09-15,Income Wave,-0.010421212003485671,0.0014827067831383273
2025-09-16,Income Wave,0.010444473755089074,0.005568049496916412
2025-09-17,Income Wave,-0.023216593608588923,0.016736557223423043
2025-09-18,Income Wave,0.0034527994062086838,-0.005811993123944002
2025-09-19,Income Wave,0.002071279189909408,0.001809518580021539
2025-09-20,Income Wave,-0.006168487169515636,0.001983333338736604
2025-09-21,Income Wave,-0.005574722876203073,-0.002834895941520182
2025-09-22,Income Wave,-0.006362791357550844,-0.011061370317917223
2025-09-23,Income Wave,0.001958364702153839,0.005082395492130705
2025-09-24,Income Wave,0.005648835960763722,0.006959402021081875
2025-09-25,Income Wave,0.0037434021001486817,-0.0038618039857352283
2025-09-26,Income Wave,0.008896638644311889,-0.01046014031873548
2025-09-27,Income Wave,-0.008506713825124801,-0.007313600571385958
2025-09-28,Income Wave,0.011300560591393102,0.007942308113120605
2025-09-29,Income Wave,0.005373052370449948,0.008975438921694378
2025-09-30,Income Wave,-0.00829282782411988,0.0031887609588878434
2025-10-01,Income Wave,-0.0007517442838316424,0.007175056831079311
2025-10-02,Income Wave,-0.0006522423255219758,-0.002679543107280649
2025-10-03,Income Wave,0.0059090851856099,0.007409353337529863
2025-10-04,Income Wave,-0.006183451948468017,-8.860537081900876e-05
2025-10-05,Income Wave,-0.010084406336416527,-0.019584488139943516
2025-10-06,Income Wave,0.00250459631413729,0.005271242850037056
2025-10-07,Income Wave,0.003120668090867255,-0.015196493742034939
2025-10-08,Income Wave,-0.0030084943007647456,-0.01734678208040865
2025-10-09,Income Wave,0.014197011076541848,-0.00828843665694469
2025-10-10,Income Wave,0.013054036094598964,0.007966957149473165
2025-10-11,Income Wave,-0.008505903525360617,-0.008662279610141961
2025-10-12,Income Wave,0.0040037021638633825,-0.006354592297464568
2025-10-13,Income Wave,0.0015248464215820753,-0.0034626207264553464
2025-10-14,Income Wave,-0.017311584144656333,-0.017443744152995672
2025-10-15,Income Wave,0.0027668424849459717,-0.004092461970645003
2025-10-16,Income Wave,-0.005030898169141323,0.005966910712750283
2025-10-17,Income Wave,0.012234422766324448,-0.0017803577708944737
2025-10-18,Income Wave,-0.002905987069098615,0.004401144264911071
2025-10-19,Income Wave,-0.013069355696995752,0.0021852244379815763
2025-10-20,Income Wave,0.006018859718221541,0.0058418416673410335
2025-10-21,Income Wave,-0.018867527025024648,-0.005690842158471525
2025-10-22,Income Wave,-0.008282632528234666,0.001199095635273704
2025-10-23,Income Wave,0.00530744579767984,0.012373683259567851
2025-10-24,Income Wave,-0.00444965480368073,-0.0035805799864737104
2025-10-25,Income Wave,0.01199672018878747,0.002772615508242441
2025-10-26,Income Wave,0.01317651511187974,0.002709824024078691
2025-10-27,Income Wave,-0.011071166187132709,-0.010265026838222453
2025-10-28,Income Wave,-0.01501512249058929,0.005696414678067785
2025-10-29,Income Wave,0.012385968230870082,0.015194897131091048
2025-10-30,Income Wave,0.008931053323232402,0.009702708620279887
2025-10-31,Income Wave,-0.005300163326536846,-0.008851326533950855
2025-11-01,Income Wave,0.009000793324175534,0.0037414460179152056
2025-11-02,Income Wave,0.0015744437434089256,0.003498971845063919
2025-11-03,Income Wave,0.003731854824582059,0.01067053487882849
2025-11-04,Income Wave,0.013449855848169559,0.004753762818722777
2025-11-05,Income Wave,0.008958028725629282,0.004512500419398207
2025-11-06,Income Wave,-0.00411169732034619,0.006452517399305121
2025-11-07,Income Wave,-0.013444950688592616,0.008831132418367065
2025-11-08,Income Wave,-0.01144522939766035,0.0026864262943578636
2025-11-09,Income Wave,-0.00795153958426159,0.004827111864595415
2025-11-10,Income Wave,0.00016074774072091124,-0.01235804766530666
2025-11-11,Income Wave,0.004706996310184789,-0.004223366214661684
2025-11-12,Income Wave,0.009311467208133691,0.0004106055098752579
2025-11-13,Income Wave,0.004454209853880382,-0.007260551640121695
2025-11-14,Income Wave,-0.00539332231427362,-0.003269109088808676
2025-11-15,Income Wave,0.009067024802425558,0.013819016702443914
2025-11-16,Income Wave,-0.0075517175174287625,0.009014785157261443
2025-11-17,Income Wave,-0.02119677417725702,-0.009153515208738316
2025-11-18,Income Wave,-0.009087784561867748,-0.010420069515525779
2025-11-19,Income Wave,-0.0153358838978758,0.0037039912971023807
2025-11-20,Income Wave,-0.0016406769772786137,0.003435243180840878
2025-11-21,Income Wave,0.007404726861215131,0.002524935945380268
2025-11-22,Income Wave,0.007077631761503738,-0.00015625828993815508
2025-11-23,Income Wave,-0.011369933883057445,0.008862513446566368
2025-11-24,Income Wave,-0.00539112132781127,-0.007084770390099407
2025-11-25,Income Wave,-0.0012791787580439817,-0.006902487354372104
2025-11-26,Income Wave,-0.0036743038198943224,0.003152431372507732
2025-11-27,Income Wave,0.003983417392461269,-0.006782640531405035
2025-11-28,Income Wave,-0.004377053729487447,0.008994664038161949
2025-11-29,Income Wave,0.005464001177339412,0.017000520314788336
2025-11-30,Income Wave,0.012301281737415277,0.009554344548479513
2025-12-01,Income Wave,-0.01337868550455802,0.006510882813067381
2025-12-02,Income Wave,-3.106801696910655e-05,-0.0040078544283059965
2025-12-03,Income Wave,0.0021801534053252853,0.007961692276891868
2025-12-04,Income Wave,0.005508315910042116,-0.00662779041073648
2025-12-05,Income Wave,0.007924589135926204,-0.004700700336607711
2025-12-06,Income Wave,0.0026668311896428623,-0.0020268005398170735
2025-12-07,Income Wave,-0.0016886625173562573,0.006529943800324077
2025-12-08,Income Wave,-0.009901937198158978,0.015961560594215465
2025-12-09,Income Wave,-0.017710860692944964,-0.004381341466038856
2025-12-10,Income Wave,0.00420211889941741,0.00507451333148248
2025-12-11,Income Wave,-0.0005047572057170515,-5.912562401233924e-05
2025-12-12,Income Wave,0.004605500853276165,-0.0014485558196614425
2025-12-13,Income Wave,0.014431812579349059,0.007114792913852818
2025-12-14,Income Wave,0.009228243510056347,-0.0073292537869633365
2025-12-15,Income Wave,-0.0002938842440570287,-0.0020037275897656294
2025-12-16,Income Wave,-0.009556013756894657,0.0032813134715661356
2025-12-17,Income Wave,-0.004876457577798164,0.005643230638801897
2025-12-18,Income Wave,-0.010201915628943316,0.014152324902734567
2025-12-19,Income Wave,-0.008463326585920618,0.002154418697603489
2025-12-20,Income Wave,0.008418593103880677,-0.004165123441600902
2025-12-21,Income Wave,0.009024686434329507,-0.00943346878240333
2025-12-22,Income Wave,0.015021176991825605,0.0005131941197260663
2025-12-23,Income Wave,-0.005464114079688796,-0.0019934541794194758
2025-12-24,Income Wave,0.008589192693927194,-0.004275642334803506
2025-12-25,Income Wave,-0.0069935768942277765,-0.0013722927806699055
2025-12-26,Income Wave,-0.011269621127699681,0.014964351263534523
2025-12-27,Income Wave,-0.005163945912147232,0.007052934289443229
2025-12-28,Income Wave,0.0025947008364777258,-0.007476272403855744
2025-12-29,Income Wave,0.0004404529078727062,0.006672022234485984
2025-12-30,Income Wave,-0.0013826133508630656,0.009944903566808223
2025-12-31,Income Wave,0.01071515392781864,0.0077513188372666355
2026-01-01,Income Wave,-0.00409656772272997,-0.008238739582251896
2026-01-02,Income Wave,-0.005635876053627944,0.0019699275253337637
2026-01-03,Income Wave,0.005957867135323555,-0.01697257123808358
2026-01-04,Income Wave,0.00041886798388249713,0.0016647138025854755
2026-01-05,Income Wave,-0.0022754425631555156,0.01073019071212703
2026-01-06,Income Wave,0.0047178007425087085,0.010881535264647175
2026-01-07,Income Wave,-0.0016596052035023224,0.007899819940055399
2026-01-08,Income Wave,0.016850663945275197,0.010893547594181287
2026-01-09,Income Wave,-0.01042141593428733,-0.0016294086203390479
2026-01-10,Income Wave,-0.0029516470544979643,0.004314036280610621
2026-01-11,Income Wave,0.007363535550145331,-0.00631114139220589
2026-01-12,Income Wave,0.0011783851391693769,-0.01575941865724909
2026-01-13,Income Wave,0.0149194500580189,-0.003698993925413548
2026-01-14,Income Wave,0.0010586393984449698,-0.0020771977119044896
2026-01-15,Income Wave,0.01196027575013415,-0.022300051531179033
2026-01-16,Income Wave,0.0003338965767409101,-0.0004465500599815831
2026-01-17,Income Wave,-0.004036363875916828,0.01420981236508506
2026-01-18,Income Wave,-0.008373294588557711,0.00657436941788529
2026-01-19,Income Wave,0.004062527887060836,0.010492154020284127
2026-01-20,Income Wave,-0.006171890847775054,-0.005463751192990071
2026-01-21,Income Wave,0.011460699074773985,0.0038025704666408834
2026-01-22,Income Wave,-0.014949373466767587,-0.003914440115706163
2026-01-23,Income Wave,0.00436382653848061,0.007102113772372714
2026-01-24,Income Wave,-0.00629230653192955,-0.02291404791853553
2026-01-25,Income Wave,0.005732231857370332,-0.009362565519551808
2026-01-26,Income Wave,-0.019673387981224113,-0.022258607399873127
2026-01-27,Income Wave,0.008639808601977413,0.0014289396032397322
2026-01-28,Income Wave,-0.0017565638071225164,0.011512194903702092
2026-01-29,Income Wave,0.006873246830230726,0.013330400341775331
2026-01-30,Income Wave,-0.013427354721669964,0.0001235950083682919
2026-01-31,Income Wave,-0.01566713374948014,-0.0014350586548437377
2026-02-01,Income Wave,-0.0019861585376667735,0.005412909098104567
2026-02-02,Income Wave,0.0009556388114189832,0.005387257106239325
2026-02-03,Income Wave,0.007534401331388942,0.01763942941906514
2026-02-04,Income Wave,-0.002652966552861244,-0.007128181605331033
2026-02-05,Income Wave,0.0029608361531640883,-0.006018240217116348
2026-02-06,Income Wave,0.01531960768436536,-0.0018657443115618606
2026-02-07,Income Wave,-0.0051557636787399035,-0.003370525769208943
2026-02-08,Income Wave,0.00768417423471641,-0.000861975865851882
2026-02-09,Income Wave,-0.005916668201303824,0.013722815340988247
2026-02-10,Income Wave,-0.008061698406617501,0.0006845285922639482
2026-02-11,Income Wave,0.007023061516102304,-0.012650680883336587
2026-02-12,Income Wave,0.005302605014059249,-0.008040861403843596
2026-02-13,Income Wave,0.008727827808340026,-0.007301208095351811
2026-02-14,Income Wave,0.007427690318488606,0.0092466645303577
2026-02-15,Income Wave,0.00911436525632805,0.0024105331859048196
2025-08-20,Quantum Computing Wave,-0.0018130094292969946,-0.004211356610678751
2025-08-21,Quantum Computing Wave,0.01521034690817104,-0.005195961761341145
2025-08-22,Quantum Computing Wave,-0.009870660735699961,0.00572295148026264
2025-08-23,Quantum Computing Wave,-0.007461368031864953,-0.007200507979729018
2025-08-24,Quantum Computing Wave,-0.01393604262169765,-0.0034632787156841415
2025-08-25,Quantum Computing Wave,-0.00032715023896493195,0.00234473382128559
2025-08-26,Quantum Computing Wave,0.010013062442994835,0.00461518338932635
2025-08-27,Quantum Computing Wave,-0.0014087221955317978,-0.0011855654110377591
2025-08-28,Quantum Computing Wave,0.005601574689151834,0.010580561303428555
2025-08-29,Quantum Computing Wave,0.001763141994832002,-0.0033530468336832714
2025-08-30,Quantum Computing Wave,-0.009428660010855454,-0.011161642115297805
2025-08-31,Quantum Computing Wave,0.007162696720435232,0.005023828189116458
2025-09-01,Quantum Computing Wave,0.006273635251066615,-0.0006292755708164472
2025-09-02,Quantum Computing Wave,0.014569347458917508,-0.0034729479566785416
2025-09-03,Quantum Computing Wave,0.010052692372072056,9.005684008365583e-05
2025-09-04,Quantum Computing Wave,-0.0055835076467933755,0.005140242458542091
2025-09-05,Quantum Computing Wave,0.004596361186839938,0.003255782074135409
2025-09-06,Quantum Computing Wave,0.0013127842205619875,9.6855346265353e-05
2025-09-07,Quantum Computing Wave,0.024383719928704386,0.009874053161569384
2025-09-08,Quantum Computing Wave,0.007728268949855122,0.001294393265627106
2025-09-09,Quantum Computing Wave,0.010571572005966692,0.0045439582111316155
2025-09-10,Quantum Computing Wave,0.0007620475277403567,-0.00202851460212732
2025-09-11,Quantum Computing Wave,-0.00030917337662688207,-0.024963405887024444
2025-09-12,Quantum Computing Wave,0.002606008392976418,-0.0035078086408828774
2025-09-13,Quantum Computing Wave,0.016426699982828842,0.0005547525664940343
2025-09-14,Quantum Computing Wave,-0.01138963419534962,9.587669750584014e-07
2025-09-15,Quantum Computing Wave,-0.009961210850625042,0.0041872593256997315
2025-09-16,Quantum Computing Wave,0.0034094736433948536,0.00806271704886614
2025-09-17,Quantum Computing Wave,-0.007408817916945653,0.0006720647698251744
2025-09-18,Quantum Computing Wave,-0.013150217954266352,0.006011958255397716
2025-09-19,Quantum Computing Wave,0.00568871180440122,0.004366440168220567
2025-09-20,Quantum Computing Wave,0.0005161903135694112,0.0037181831263103276
2025-09-21,Quantum Computing Wave,0.016543391083085963,-0.0018807540563361119
2025-09-22,Quantum Computing Wave,0.001886451837100845,-0.00828901039345128
2025-09-23,Quantum Computing Wave,-0.008182609615983324,0.001182506344746459
2025-09-24,Quantum Computing Wave,0.011539335467019072,-0.0016502465940125795
2025-09-25,Quantum Computing Wave,-0.0018591652931212394,-0.0028550819560349975
2025-09-26,Quantum Computing Wave,-0.0048475667084432305,0.002759771645670573
2025-09-27,Quantum Computing Wave,-0.014472576451786446,0.01064751661333382
2025-09-28,Quantum Computing Wave,-0.0061542229812946055,0.006175227883505132
2025-09-29,Quantum Computing Wave,-0.01219998597393876,0.005750721044369745
2025-09-30,Quantum Computing Wave,0.007219446078144976,0.0034736165760471723
2025-10-01,Quantum Computing Wave,-0.009444285217997922,0.0023963855167846164
2025-10-02,Quantum Computing Wave,-0.01133056184734389,-0.001622106040769483
2025-10-03,Quantum Computing Wave,0.010794131009553261,0.0067736154165659365
2025-10-04,Quantum Computing Wave,0.0006518294254043313,-0.007398452607382735
2025-10-05,Quantum Computing Wave,0.006955877121741935,0.0005550499015842018
2025-10-06,Quantum Computing Wave,-0.022703155982304234,0.006661038610532145
2025-10-07,Quantum Computing Wave,0.00025767166130307855,0.010019609983864577
2025-10-08,Quantum Computing Wave,-0.010452705188428047,-0.025013630505568003
2025-10-09,Quantum Computing Wave,0.003290838583451852,0.0027325094134557824
2025-10-10,Quantum Computing Wave,-0.01640671627606452,-0.0074279963669328505
2025-10-11,Quantum Computing Wave,0.028052177437199018,-0.002044884913230427
2025-10-12,Quantum Computing Wave,0.007809589763762162,-0.0048052786189470694
2025-10-13,Quantum Computing Wave,-0.020403028988531566,-0.0009620659743672442
2025-10-14,Quantum Computing Wave,-0.002156045602861052,-0.0027990259093469715
2025-10-15,Quantum Computing Wave,-0.0006464083550639245,0.0025141461731650926
2025-10-16,Quantum Computing Wave,-0.001001169512538066,-0.00971204934357891
2025-10-17,Quantum Computing Wave,0.005361847915619389,-0.015194974042579386
2025-10-18,Quantum Computing Wave,-0.020003574572842003,0.006313443957612543
2025-10-19,Quantum Computing Wave,0.005570202721353569,-5.9162920592288084e-05
2025-10-20,Quantum Computing Wave,-0.013454485047550719,-0.005263287525392603
2025-10-21,Quantum Computing Wave,-0.00212746747686504,-0.012367151748592908
2025-10-22,Quantum Computing Wave,-0.00689028658023233,0.005618642705413439
2025-10-23,Quantum Computing Wave,0.014773053642892164,-0.0029554780212684047
2025-10-24,Quantum Computing Wave,0.008064883543160983,-0.014912480564699739
2025-10-25,Quantum Computing Wave,0.0070945124111361155,-0.006031587317819848
2025-10-26,Quantum Computing Wave,0.003573456167079701,-0.0015820193459176741
2025-10-27,Quantum Computing Wave,0.013704140097838342,-0.006595485186719346
2025-10-28,Quantum Computing Wave,0.006776062975618311,-0.0018360597063722679
2025-10-29,Quantum Computing Wave,-0.0010830547800966376,-0.0010708311452736774
2025-10-30,Quantum Computing Wave,-0.007956731044941129,0.0002872082727466274
2025-10-31,Quantum Computing Wave,-0.000126482221218215,0.0023299219872538347
2025-11-01,Quantum Computing Wave,0.001345051456928626,0.00678395639689789
2025-11-02,Quantum Computing Wave,0.009735086160473687,-0.00800498657462241
2025-11-03,Quantum Computing Wave,0.00918772500590771,-0.009090691416878837
2025-11-04,Quantum Computing Wave,0.006378558881377351,0.00535791027762295
2025-11-05,Quantum Computing Wave,-0.01861316891662504,0.0011438339722352772
2025-11-06,Quantum Computing Wave,-0.004184961133603157,-0.005670122063483
2025-11-07,Quantum Computing Wave,0.014008523306990055,-0.004829433125099351
2025-11-08,Quantum Computing Wave,-0.007563769291180498,0.0010055595200407475
2025-11-09,Quantum Computing Wave,0.007355897462984165,-0.0007331886880810152
2025-11-10,Quantum Computing Wave,0.012163705456692523,0.004647805295712725
2025-11-11,Quantum Computing Wave,-0.021282113197314302,-0.003835735708056066
2025-11-12,Quantum Computing Wave,-0.005118420993516991,0.0042348876274353785
2025-11-13,Quantum Computing Wave,-0.025748170563741117,0.02079207766974178
2025-11-14,Quantum Computing Wave,0.005810260948942101,0.0015910144313415287
2025-11-15,Quantum Computing Wave,0.012315677164191463,0.019149232422501
2025-11-16,Quantum Computing Wave,0.009207466445884034,0.00799050477177296
2025-11-17,Quantum Computing Wave,0.0018069002446438234,-0.0007322060269355864
2025-11-18,Quantum Computing Wave,-0.004257954440049012,-0.006208895933716337
2025-11-19,Quantum Computing Wave,-0.006370140996994974,-0.010404447714743867
2025-11-20,Quantum Computing Wave,-0.0002587145068502333,-0.013077340617811095
2025-11-21,Quantum Computing Wave,0.002409165241437107,0.00010935513566126607
2025-11-22,Quantum Computing Wave,0.001969352983866878,-0.0037770525601599396
2025-11-23,Quantum Computing Wave,0.03126860370180504,0.011280927201442503
2025-11-24,Quantum Computing Wave,-0.011945425000847228,0.002262944699415186
2025-11-25,Quantum Computing Wave,-0.005580061429373236,-0.007715837813659311
2025-11-26,Quantum Computing Wave,-0.01290072071123935,0.003857733526074032
2025-11-27,Quantum Computing Wave,-0.006313802350695738,0.008142608192201632
2025-11-28,Quantum Computing Wave,0.010437822145304391,0.011391315081691595
2025-11-29,Quantum Computing Wave,-0.008023867660741035,0.004202924885536082
2025-11-30,Quantum Computing Wave,0.0068245421664230085,-0.0033934254008317188
2025-12-01,Quantum Computing Wave,-0.007217719573928751,0.013276165326207783
2025-12-02,Quantum Computing Wave,0.0027749587573205376,0.005487742005693904
2025-12-03,Quantum Computing Wave,-0.007720760118279274,-0.009354275732177552
2025-12-04,Quantum Computing Wave,-0.005194497744921105,-0.0005921710991199764
2025-12-05,Quantum Computing Wave,-0.010142200068173488,0.00032124153079693597
2025-12-06,Quantum Computing Wave,-0.016385051880685002,-0.00856037937975898
2025-12-07,Quantum Computing Wave,0.0072091124827687505,0.005230324162223153
2025-12-08,Quantum Computing Wave,-0.003418767653868664,-0.007742114472615624
2025-12-09,Quantum Computing Wave,-0.00977403551526011,-0.0025861459675305125
2025-12-10,Quantum Computing Wave,0.006945184916452914,0.007825965530754595
2025-12-11,Quantum Computing Wave,-0.004465317354819691,-0.008827939407878271
2025-12-12,Quantum Computing Wave,0.003178436378663333,-0.006188279765006795
2025-12-13,Quantum Computing Wave,-0.004682526388612024,0.0110022087234963
2025-12-14,Quantum Computing Wave,0.008771154285657681,0.0016637944980116136
2025-12-15,Quantum Computing Wave,-0.012219190011127229,0.002091172539765271
2025-12-16,Quantum Computing Wave,0.011126572907875266,-0.0026050693261242845
2025-12-17,Quantum Computing Wave,0.014011140899867151,0.010741962316145656
2025-12-18,Quantum Computing Wave,0.017137328321434737,0.002841945012250824
2025-12-19,Quantum Computing Wave,0.006373916998060123,0.01171349830664872
2025-12-20,Quantum Computing Wave,0.004973939370689757,-0.003609872862321702
2025-12-21,Quantum Computing Wave,-0.003985428365278614,0.0023084396301899135
2025-12-22,Quantum Computing Wave,-0.012405614219462187,-0.0007460713229135412
2025-12-23,Quantum Computing Wave,0.011465471182302537,-0.01713003080932225
2025-12-24,Quantum Computing Wave,0.01584482101794515,0.009378993749625275
2025-12-25,Quantum Computing Wave,-0.004097646158304763,0.004747126622974477
2025-12-26,Quantum Computing Wave,0.0005314772690632664,0.010239922947509464
2025-12-27,Quantum Computing Wave,0.010326831427699412,-0.010800565785464074
2025-12-28,Quantum Computing Wave,0.006372624134641767,-0.0012450228291459812
2025-12-29,Quantum Computing Wave,0.001328325705180999,-0.0054253752077585244
2025-12-30,Quantum Computing Wave,0.017981370691208354,0.008720494559220608
2025-12-31,Quantum Computing Wave,-0.006897711639729673,-0.010276884855281861
2026-01-01,Quantum Computing Wave,-0.0033567263097784824,0.003876021168730446
2026-01-02,Quantum Computing Wave,0.00290205843946223,0.010425062598145947
2026-01-03,Quantum Computing Wave,0.008399197221808524,0.008156552206023255
2026-01-04,Quantum Computing Wave,0.0037685540061043734,-0.010714389841687924
2026-01-05,Quantum Computing Wave,-0.0014569853114690143,0.008880717919269324
2026-01-06,Quantum Computing Wave,-1.5229285246460634e-05,0.004424722948989974
2026-01-07,Quantum Computing Wave,-0.0026874831524613314,-0.007838494788334762
2026-01-08,Quantum Computing Wave,-0.0007334406404611046,0.0028723795442612316
2026-01-09,Quantum Computing Wave,-0.006056877194614436,-0.0014856899588533482
2026-01-10,Quantum Computing Wave,-0.008894632419859825,0.009353959340512768
2026-01-11,Quantum Computing Wave,-0.00244455757588034,0.012022044361009464
2026-01-12,Quantum Computing Wave,0.015787478505409083,-0.00024836771777395013
2026-01-13,Quantum Computing Wave,-0.009584487325473496,-0.016287183021866696
2026-01-14,Quantum Computing Wave,-0.014220370730267915,-0.01059067859918928
2026-01-15,Quantum Computing Wave,0.014284696274615047,0.0013265966978155688
2026-01-16,Quantum Computing Wave,0.004396045240919878,-0.017363368071481006
2026-01-17,Quantum Computing Wave,-0.011479664292172616,0.007496638211570296
2026-01-18,Quantum Computing Wave,0.0033677411238258624,-0.0007776422294847782
2026-01-19,Quantum Computing Wave,0.006148423586001225,0.01348638244908652
2026-01-20,Quantum Computing Wave,-0.0017104246353705057,0.0009549584212645555
2026-01-21,Quantum Computing Wave,0.0024259691873130514,0.019536877082191942
2026-01-22,Quantum Computing Wave,-0.020493562644190257,0.0058657841183104645
2026-01-23,Quantum Computing Wave,-0.0006480224875906368,0.004934173809473437
2026-01-24,Quantum Computing Wave,-0.0060737255399472435,8.279753132397951e-06
2026-01-25,Quantum Computing Wave,0.007614105794654951,0.025303281608350728
2026-01-26,Quantum Computing Wave,0.008580361894020715,-0.006384524784244069
2026-01-27,Quantum Computing Wave,-0.0037375968202270327,-0.003227312867070832
2026-01-28,Quantum Computing Wave,-0.01745643172630015,-0.002240721533611498
2026-01-29,Quantum Computing Wave,0.00782829081821745,-0.009793856952614362
2026-01-30,Quantum Computing Wave,0.010984826510505925,0.0043021985686747055
2026-01-31,Quantum Computing Wave,-0.006842333219710379,-0.0007322370987027794
2026-02-01,Quantum Computing Wave,0.01648321807641033,0.006268382508046927
2026-02-02,Quantum Computing Wave,0.0005878365489814782,-0.0015014665356878744
2026-02-03,Quantum Computing Wave,0.0012660907045165962,-0.003694108463538427
2026-02-04,Quantum Computing Wave,-0.020547495057190147,0.01673742328427785
2026-02-05,Quantum Computing Wave,0.0020532499919940148,0.003585178120980297
2026-02-06,Quantum Computing Wave,-7.907749876908722e-05,-0.005480934405796703
2026-02-07,Quantum Computing Wave,-0.0013592448094877072,-0.01239515809755449
2026-02-08,Quantum Computing Wave,0.023270864980533046,-0.009476095987379168
2026-02-09,Quantum Computing Wave,-0.009819662838471795,-0.003122073635091203
2026-02-10,Quantum Computing Wave,0.013380757248523776,0.0005160719941012331
2026-02-11,Quantum Computing Wave,-0.011861357960304623,0.010434706886058716
2026-02-12,Quantum Computing Wave,0.007810006267854814,0.00470747965773162
2026-02-13,Quantum Computing Wave,0.0076573424117084045,0.019554895204659608
2026-02-14,Quantum Computing Wave,0.022350948950361122,-0.005093722744026362
2026-02-15,Quantum Computing Wave,0.016738849928111525,0.003465345518071203
2025-08-20,S&P Wave,0.005490958161377494,-0.01313816665314663
2025-08-21,S&P Wave,-0.0012038576538819597,-0.0061025887226925195
2025-08-22,S&P Wave,0.008780588148933092,0.00896864400322244
2025-08-23,S&P Wave,-0.020244863510163115,0.0002237210879658364
2025-08-24,S&P Wave,0.011718615047942523,-0.00109343169850756
2025-08-25,S&P Wave,0.007790636450023645,0.0032093237410166725
2025-08-26,S&P Wave,0.003916602319526263,-0.0017705198245463797
2025-08-27,S&P Wave,-0.011665808041357096,-0.00857224117940022
2025-08-28,S&P Wave,0.007593525144553172,0.000555666044151065
2025-08-29,S&P Wave,-0.0008851224460722474,-0.0029911203385788203
2025-08-30,S&P Wave,-0.0025518884548075176,0.008775294355905116
2025-08-31,S&P Wave,-0.0028524408186802676,-0.01032851770641255
2025-09-01,S&P Wave,0.007936517755401733,-0.001239013310917738
2025-09-02,S&P Wave,0.0008139586553277644,0.013260626451196083
2025-09-03,S&P Wave,0.00029439442649492815,0.002713469384949803
2025-09-04,S&P Wave,-0.011289234912983254,-0.001357355618807681
2025-09-05,S&P Wave,0.006595260452086013,-0.01204298987072994
2025-09-06,S&P Wave,0.002508450931157096,0.0012063285811584504
2025-09-07,S&P Wave,0.0009128745558743939,0.008697271189265944
2025-09-08,S&P Wave,0.003844385148485215,0.012224575186851551
2025-09-09,S&P Wave,-0.009435895155940361,0.0014873965377467837
2025-09-10,S&P Wave,0.0013446678638994742,-0.008154035950040642
2025-09-11,S&P Wave,0.010062950020913461,0.018997386446822546
2025-09-12,S&P Wave,0.0003299392551616901,0.004440168706190135
2025-09-13,S&P Wave,0.0013451847581532725,-0.005308677359257406
2025-09-14,S&P Wave,-0.01770760277802016,-0.005246187864762921
2025-09-15,S&P Wave,-0.013419583809517313,0.014032816624472942
2025-09-16,S&P Wave,-0.0006510969392323916,-0.0023673546323773656
2025-09-17,S&P Wave,0.00939153824787806,-0.008574008822847104
2025-09-18,S&P Wave,-0.007168640380045523,0.0009445781539889682
2025-09-19,S&P Wave,0.010787689914234806,0.004413480361350306
2025-09-20,S&P Wave,0.002983251425158822,0.0010249418818881308
2025-09-21,S&P Wave,0.004502358555267752,0.002013223241034037
2025-09-22,S&P Wave,-0.009799722747769357,0.0007686337730652107
2025-09-23,S&P Wave,-0.010236886589177525,0.0010486603432065898
2025-09-24,S&P Wave,-0.004306479414882415,0.020715052982262894
2025-09-25,S&P Wave,0.0001010561624828808,-0.01083391653009271
2025-09-26,S&P Wave,-0.0008418021067692456,0.004554869965103105
2025-09-27,S&P Wave,0.017233639461525237,-0.004315619199509748
2025-09-28,S&P Wave,-0.0153242797402364,0.00693469609144785
2025-09-29,S&P Wave,-0.01330598705899651,-0.0030892435320598803
2025-09-30,S&P Wave,-0.0020762048551099402,-0.00015706762640086536
2025-10-01,S&P Wave,0.007391644570743356,-0.005069074258291101
2025-10-02,S&P Wave,-0.0022372925216676068,0.000285837176404892
2025-10-03,S&P Wave,0.0019959795751878806,0.0011826173976633813
2025-10-04,S&P Wave,0.004860057752225798,0.007150716077133899
2025-10-05,S&P Wave,0.0044263411565096805,0.004028684188073748
2025-10-06,S&P Wave,-0.015322231667464777,0.0008018215933254436
2025-10-07,S&P Wave,0.005295075480016086,0.006231529556563602
2025-10-08,S&P Wave,-0.006423507742337943,-0.00487231419910916
2025-10-09,S&P Wave,-0.005241006752835984,0.004691311199130748
2025-10-10,S&P Wave,0.010838810549242087,-0.0028596808583328127
2025-10-11,S&P Wave,0.00957962313627049,0.0013878384733167536
2025-10-12,S&P Wave,-0.0007428577716243629,-0.0012910738385437518
2025-10-13,S&P Wave,0.007966113646021572,0.003004622534296561
2025-10-14,S&P Wave,0.023258254276476376,-0.006417797143978593
2025-10-15,S&P Wave,0.005681017020299757,-0.003833608078492103
2025-10-16,S&P Wave,-0.008192869869886437,0.00031306290372022286
2025-10-17,S&P Wave,0.0018735247940703601,0.02374538844048074
2025-10-18,S&P Wave,-0.0013414581568320207,-0.008641429835877469
2025-10-19,S&P Wave,0.003230107174943857,-0.016197120300370946
2025-10-20,S&P Wave,-0.00041956782604265857,0.0005282022583612834
2025-10-21,S&P Wave,0.008446003829452115,0.008188977995422776
2025-10-22,S&P Wave,-0.004535696189077175,-0.0008049121170394641
2025-10-23,S&P Wave,-0.00716120830610671,-0.008624500438461552
2025-10-24,S&P Wave,0.0035989477938063452,-0.009788684388772794
2025-10-25,S&P Wave,-0.0036462690057186315,-0.007561391679193899
2025-10-26,S&P Wave,0.005996831862902598,0.014811440794131903
2025-10-27,S&P Wave,-0.012515879828033313,-0.014424147863180553
2025-10-28,S&P Wave,-0.000748868853500674,0.000525582367662067
2025-10-29,S&P Wave,0.0026865930675729773,-0.0031705641218747593
2025-10-30,S&P Wave,-0.0015063929882543183,0.003340083284324818
2025-10-31,S&P Wave,0.01090430892644839,-0.015240390162546262
2025-11-01,S&P Wave,-0.003189394390314622,0.0021104703515285074
2025-11-02,S&P Wave,-0.00867976104610736,0.014249357054138396
2025-11-03,S&P Wave,-0.0058540988022873705,6.96585039417373e-05
2025-11-04,S&P Wave,0.006060220968422908,-0.004330278310415156
2025-11-05,S&P Wave,-0.01796573047804417,-0.003029236215332266
2025-11-06,S&P Wave,0.010794405559270406,-0.0022951610142811084
2025-11-07,S&P Wave,-0.007964343014589785,0.007805377676021774
2025-11-08,S&P Wave,-0.002807748960230527,-0.003681286509201738
2025-11-09,S&P Wave,0.0019945608966330953,0.006566001676950299
2025-11-10,S&P Wave,0.02431713531732546,0.007017888861259385
2025-11-11,S&P Wave,0.012098399663883444,-0.0036477295919028424
2025-11-12,S&P Wave,-0.009758681059694763,0.0008986507969529838
2025-11-13,S&P Wave,0.001571699152595962,-0.008228101930916778
2025-11-14,S&P Wave,-0.0012529452990401285,0.0035945408137530474
2025-11-15,S&P Wave,0.004103933950180802,0.004434302827074179
2025-11-16,S&P Wave,0.0034096473013744298,-0.0036560692741604466
2025-11-17,S&P Wave,-0.004639006266488431,-0.009191611183951008
2025-11-18,S&P Wave,0.01834775039185095,0.0005076029169543441
2025-11-19,S&P Wave,-0.0017485305579485193,-0.0070303366516196696
2025-11-20,S&P Wave,0.029856579023277784,-0.008186624257783165
2025-11-21,S&P Wave,-0.003788479256060734,0.0037266946902884844
2025-11-22,S&P Wave,0.006502129657442778,0.008063456441725472
2025-11-23,S&P Wave,0.018576085077692633,0.004449261243685699
2025-11-24,S&P Wave,-0.010060307999666675,-0.0016555610009742524
2025-11-25,S&P Wave,0.0035783237251388496,0.01694580833204659
2025-11-26,S&P Wave,-0.01347805478424297,0.010020612041801819
2025-11-27,S&P Wave,0.002299143695464168,0.007102644281835846
2025-11-28,S&P Wave,-0.00051994716635932,-0.006339461041010611
2025-11-29,S&P Wave,0.00800872779401332,0.005635448216844969
2025-11-30,S&P Wave,0.010220569657397219,0.0002935629169709175
2025-12-01,S&P Wave,-0.005498220233198493,-0.012070295960190734
2025-12-02,S&P Wave,0.008693732681394064,0.0037911158595518887
2025-12-03,S&P Wave,-0.009157826328639592,-0.003908589386372993
2025-12-04,S&P Wave,-0.004167588119514405,-0.011463875455859347
2025-12-05,S&P Wave,-0.007676823966051337,-0.008670642854450834
2025-12-06,S&P Wave,-0.003624790118879367,-0.005509579986636502
2025-12-07,S&P Wave,-0.015770049208667487,0.016580721844555852
2025-12-08,S&P Wave,0.013025407310292308,-0.005832155372159885
2025-12-09,S&P Wave,0.0032242139665360986,0.00373972071857036
2025-12-10,S&P Wave,0.01241085854773477,-0.006148840213280629
2025-12-11,S&P Wave,0.011421067839824262,-0.00398324243365548
2025-12-12,S&P Wave,-0.012858624041686133,0.0061930924745159785
2025-12-13,S&P Wave,0.013407584241224282,0.02110327178824548
2025-12-14,S&P Wave,-0.011497252650902135,0.005991357480646311
2025-12-15,S&P Wave,-0.00359801243793533,0.00666686968419225
2025-12-16,S&P Wave,-0.014204895512312505,-0.009702158205588514
2025-12-17,S&P Wave,-0.007258748231664839,0.0010317123653446761
2025-12-18,S&P Wave,-0.0059108126653835535,0.005672434751307358
2025-12-19,S&P Wave,0.010768946182579144,0.005196620329962847
2025-12-20,S&P Wave,0.01668787639660868,0.003726613035642744
2025-12-21,S&P Wave,-0.011668967103401671,0.011307012108306718
2025-12-22,S&P Wave,-0.005551562356059974,0.00768334799748456
2025-12-23,S&P Wave,0.016237342165551064,0.004053504085843193
2025-12-24,S&P Wave,-0.014461588131646497,-0.0069456973320783325
2025-12-25,S&P Wave,0.013727444668851356,-0.0009529814851425311
2025-12-26,S&P Wave,0.0012957353494216584,0.006470595329308874
2025-12-27,S&P Wave,0.007463228620803234,0.0026303984990836858
2025-12-28,S&P Wave,-0.0015866837122046583,-0.0021013475658588584
2025-12-29,S&P Wave,0.009078988252913431,0.004828556248542347
2025-12-30,S&P Wave,-0.0020730000061778965,0.009056898503945126
2025-12-31,S&P Wave,-0.0007903411512978377,-0.006413297394675146
2026-01-01,S&P Wave,-0.007089706989033448,-0.0074299266904781286
2026-01-02,S&P Wave,-0.002224100166036872,0.010269794226689544
2026-01-03,S&P Wave,-0.007550951810305087,0.0019078060881448232
2026-01-04,S&P Wave,-0.006066893456274132,-0.0016824723301715006
2026-01-05,S&P Wave,-0.014600412119852522,-0.0013643058332522993
2026-01-06,S&P Wave,-0.0014370537980496205,0.004722303552285563
2026-01-07,S&P Wave,0.0027328091325537055,-0.009187136999616364
2026-01-08,S&P Wave,0.011341982440435428,0.002082424321775963
2026-01-09,S&P Wave,0.002483935171774867,0.00032654117291888853
2026-01-10,S&P Wave,-0.004677574472222197,0.0021424187179898088
2026-01-11,S&P Wave,0.005255884359285824,-0.01357516553076444
2026-01-12,S&P Wave,-0.0048876083734609565,-0.0016395757632287147
2026-01-13,S&P Wave,0.003061706056942781,0.009946488047417006
2026-01-14,S&P Wave,-0.0072174081459678244,-0.0035836947745427356
2026-01-15,S&P Wave,-0.004625341106465501,-0.006012220720836332
2026-01-16,S&P Wave,-0.0029718649511226245,0.00656641775990377
2026-01-17,S&P Wave,-0.010038354953643455,0.003822515161223226
2026-01-18,S&P Wave,-0.016519022300183355,-0.004090703971537647
2026-01-19,S&P Wave,-0.0027948930021798606,0.013798877383312518
2026-01-20,S&P Wave,-0.00224802304752688,-0.017209947787607347
2026-01-21,S&P Wave,-0.0194888890686125,0.0006722366907734479
2026-01-22,S&P Wave,0.006637708557899087,0.0034036468610180227
2026-01-23,S&P Wave,0.002175701058009903,0.009698076780045334
2026-01-24,S&P Wave,-0.004895912207371317,0.007559284448214602
2026-01-25,S&P Wave,-0.015820148850264174,-0.00683958266350453
2026-01-26,S&P Wave,-0.017570413949318162,-0.001798762405358338
2026-01-27,S&P Wave,3.738782733657463e-05,0.0013128119378121594
2026-01-28,S&P Wave,0.0011188335288713522,-0.0070204266464938235
2026-01-29,S&P Wave,-0.0014024084441321568,-0.01157957334884599
2026-01-30,S&P Wave,0.014132289751322505,-0.0020290085831840077
2026-01-31,S&P Wave,-0.004388861190436912,0.013111522627552663
2026-02-01,S&P Wave,-0.011922465335492292,-0.008604696912255754
2026-02-02,S&P Wave,-0.010462203248685652,-0.00014297105359585522
2026-02-03,S&P Wave,0.004816316296375973,0.00631740374494267
2026-02-04,S&P Wave,0.026219953174949687,-0.01759545963360611
2026-02-05,S&P Wave,0.00658735589124417,-0.00405704458057785
2026-02-06,S&P Wave,-0.005364151488887735,-0.004558177026031021
2026-02-07,S&P Wave,-0.008587696708079733,0.013876198676827614
2026-02-08,S&P Wave,0.008922973270139028,0.0005855678284589986
2026-02-09,S&P Wave,0.014010157524870004,-0.011700231722391005
2026-02-10,S&P Wave,-0.012807051313309262,-0.017023741857557503
2026-02-11,S&P Wave,-0.006494145401232875,0.0016935882136380233
2026-02-12,S&P Wave,0.0015285857793233407,0.0015947352884790437
2026-02-13,S&P Wave,-0.013610568310660818,0.006825237940912176
2026-02-14,S&P Wave,0.0028962751823899797,0.006264434251727988
2026-02-15,S&P Wave,-0.01842762177590052,0.002891926870382319
2025-08-20,Small Cap Growth Wave,-0.01137765239917527,-0.0027785860204108948
2025-08-21,Small Cap Growth Wave,0.005843648986363834,0.0011287488500473055
2025-08-22,Small Cap Growth Wave,-0.008015399797793189,0.0004501852494753463
2025-08-23,Small Cap Growth Wave,-0.01481535315243643,0.009602139167186368
2025-08-24,Small Cap Growth Wave,-0.0015528401949625125,0.009348399554042607
2025-08-25,Small Cap Growth Wave,-0.004765316870960431,-0.003788607907252663
2025-08-26,Small Cap Growth Wave,-0.007141867866378465,0.007409391453544603
2025-08-27,Small Cap Growth Wave,-0.0065943115732847585,0.005556763459321412
2025-08-28,Small Cap Growth Wave,-0.0033245239766929026,-0.015407706399132958
2025-08-29,Small Cap Growth Wave,-0.00520314067786466,-0.009032865714902786
2025-08-30,Small Cap Growth Wave,0.0008390272368233751,-0.009123261885395922
2025-08-31,Small Cap Growth Wave,0.009759751007146168,-0.0003286068828242178
2025-09-01,Small Cap Growth Wave,-0.0012759599475873898,0.005647137102300661
2025-09-02,Small Cap Growth Wave,0.010139069340758625,0.00023920998584278685
2025-09-03,Small Cap Growth Wave,-0.0072120029954929055,-0.013791756928897036
2025-09-04,Small Cap Growth Wave,-0.0063604975703518,-0.004537697973183693
2025-09-05,Small Cap Growth Wave,0.0015705745299229676,-0.0023611750491042173
2025-09-06,Small Cap Growth Wave,0.007379329720514281,-0.004503866170165516
2025-09-07,Small Cap Growth Wave,-7.041166852941763e-05,0.009871899545575115
2025-09-08,Small Cap Growth Wave,0.003918252139549666,-8.030033350851605e-05
2025-09-09,Small Cap Growth Wave,-0.00551944441935177,-0.004665851173719817
2025-09-10,Small Cap Growth Wave,-0.008006132529519478,-0.003928054926263195
2025-09-11,Small Cap Growth Wave,0.008056658387443147,-0.0013751061703381497
2025-09-12,Small Cap Growth Wave,-0.01299773069381231,0.014545354344478267
2025-09-13,Small Cap Growth Wave,0.0036996519114516303,-0.010855547204105356
2025-09-14,Small Cap Growth Wave,-0.003918489272408239,0.001287091062627343
2025-09-15,Small Cap Growth Wave,0.01754592093297377,-0.008464899666070955
2025-09-16,Small Cap Growth Wave,0.010260407193559466,0.011595891415778744
2025-09-17,Small Cap Growth Wave,-0.005786543050745703,-0.0018201089508818678
2025-09-18,Small Cap Growth Wave,-0.009863092473737702,-0.001227689128642439
2025-09-19,Small Cap Growth Wave,0.0001341002565706883,0.005677199984658964
2025-09-20,Small Cap Growth Wave,0.011401834710204468,-0.005584768516973177
2025-09-21,Small Cap Growth Wave,-0.019173250642259946,0.00023004176579006298
2025-09-22,Small Cap Growth Wave,0.003435375299686405,0.0023953415014803334
2025-09-23,Small Cap Growth Wave,-0.0027667324750904397,0.001398016797311476
2025-09-24,Small Cap Growth Wave,0.015654448083522475,0.0034538733517000745
2025-09-25,Small Cap Growth Wave,-0.0032336842500308442,-0.003601582536767966
2025-09-26,Small Cap Growth Wave,-0.0011985235767773066,0.013493919694645118
2025-09-27,Small Cap Growth Wave,-0.001333007095261973,0.00024164524383433623
2025-09-28,Small Cap Growth Wave,-0.004323135709363029,0.009191866859535717
2025-09-29,Small Cap Growth Wave,0.02009837254744675,0.004004904395451107
2025-09-30,Small Cap Growth Wave,0.0013277290378542576,0.0006942626653938782
2025-10-01,Small Cap Growth Wave,-0.023343067887857456,0.0063612069142785395
2025-10-02,Small Cap Growth Wave,0.0018416641599584354,0.0038267364052858
2025-10-03,Small Cap Growth Wave,-0.006614621940837048,-0.002675655031816733
2025-10-04,Small Cap Growth Wave,-0.0036102493650317304,0.00857298387258431
2025-10-05,Small Cap Growth Wave,-0.003287598366030933,0.017061282576878382
2025-10-06,Small Cap Growth Wave,0.004808624190150374,-0.009805461279965854
2025-10-07,Small Cap Growth Wave,-0.0007854629325195685,-0.004813400977251325
2025-10-08,Small Cap Growth Wave,-0.021443824698200244,0.013195767520910315
2025-10-09,Small Cap Growth Wave,0.00753142542220004,0.0046656585431945
2025-10-10,Small Cap Growth Wave,0.0021540366029970427,-0.010656140549539502
2025-10-11,Small Cap Growth Wave,-0.004336171395554367,0.007134246198272102
2025-10-12,Small Cap Growth Wave,-0.010012200297825027,-0.01985415453000651
2025-10-13,Small Cap Growth Wave,-0.0017710600778092604,-0.0007340604322203087
2025-10-14,Small Cap Growth Wave,0.0018556341641470914,0.00622814914811629
2025-10-15,Small Cap Growth Wave,0.006876058122312087,0.002470158441951373
2025-10-16,Small Cap Growth Wave,0.012455313880867094,-0.011751758246506518
2025-10-17,Small Cap Growth Wave,0.005545818144773902,0.00541230690669554
2025-10-18,Small Cap Growth Wave,-0.011895622860802396,-0.011622964869459115
2025-10-19,Small Cap Growth Wave,-0.006959421264756013,-0.0048923315401223355
2025-10-20,Small Cap Growth Wave,0.008034194635024307,-0.0045163102695287595
2025-10-21,Small Cap Growth Wave,-0.008063485182812039,-0.0044930698935564724
2025-10-22,Small Cap Growth Wave,0.011686323341542118,0.0005043469950156171
2025-10-23,Small Cap Growth Wave,-0.001292510253569118,-0.00048004398960841175
2025-10-24,Small Cap Growth Wave,0.013420603343265227,-0.005593373812825935
2025-10-25,Small Cap Growth Wave,0.01365508290940104,0.002083970391372029
2025-10-26,Small Cap Growth Wave,-0.0011041938197534772,0.020407203983474252
2025-10-27,Small Cap Growth Wave,-0.010056394897985963,-0.002429486076536048
2025-10-28,Small Cap Growth Wave,-0.011824312391640002,0.008019695764289356
2025-10-29,Small Cap Growth Wave,0.01739188933651679,0.013759382251237112
2025-10-30,Small Cap Growth Wave,0.012739487531460049,-0.001180963742367725
2025-10-31,Small Cap Growth Wave,-0.0031524097748984654,-0.012969358179952522
2025-11-01,Small Cap Growth Wave,0.02085873535181793,0.004151824625187742
2025-11-02,Small Cap Growth Wave,-0.004419569048694831,0.01102445511189574
2025-11-03,Small Cap Growth Wave,-0.009227645167600008,0.0036529762737813926
2025-11-04,Small Cap Growth Wave,-0.001226291342908347,0.005509417119042408
2025-11-05,Small Cap Growth Wave,-0.0001357353918612146,-0.011207423128889794
2025-11-06,Small Cap Growth Wave,0.0012557637267003783,0.008790913135002897
2025-11-07,Small Cap Growth Wave,0.00020783594146014754,0.006600920972712689
2025-11-08,Small Cap Growth Wave,-0.009955294856740531,0.0001899136538411829
2025-11-09,Small Cap Growth Wave,-0.005745104550885774,0.006375846720837679
2025-11-10,Small Cap Growth Wave,0.0008149156226199578,0.0059205894106929
2025-11-11,Small Cap Growth Wave,0.01137710426157866,0.0059329486009711075
2025-11-12,Small Cap Growth Wave,0.003231184342936442,-0.007585698068091242
2025-11-13,Small Cap Growth Wave,0.0004721388933309876,-0.0038647232161266648
2025-11-14,Small Cap Growth Wave,-0.0029406395670422657,-0.0025962732060020068
2025-11-15,Small Cap Growth Wave,-0.009299255747822446,-0.015258708713071919
2025-11-16,Small Cap Growth Wave,-0.006181430483277668,0.0019470356153932725
2025-11-17,Small Cap Growth Wave,-0.0129817704542749,0.0005254578917729948
2025-11-18,Small Cap Growth Wave,0.019502684243109646,0.008584452442017913
2025-11-19,Small Cap Growth Wave,0.016935415091205292,0.00352902301546181
2025-11-20,Small Cap Growth Wave,0.012175098229864461,-0.005391717843742299
2025-11-21,Small Cap Growth Wave,-0.005943402670219842,-0.02151312164909978
2025-11-22,Small Cap Growth Wave,0.012361454740422991,0.012722591838559087
2025-11-23,Small Cap Growth Wave,-0.005031772453472701,-0.0016316136511778806
2025-11-24,Small Cap Growth Wave,-0.007038621136909614,0.003461228411819933
2025-11-25,Small Cap Growth Wave,0.011749325453032408,-0.01354217579104833
2025-11-26,Small Cap Growth Wave,0.004594385306422522,-0.0018133741737531635
2025-11-27,Small Cap Growth Wave,0.0016339439196668935,0.0040719520133943275
2025-11-28,Small Cap Growth Wave,-0.0013820243877282114,-0.00042869482724624484
2025-11-29,Small Cap Growth Wave,-0.0016387516755463892,0.008162529614306252
2025-11-30,Small Cap Growth Wave,0.004687599601274966,0.0021646683018988863
2025-12-01,Small Cap Growth Wave,-0.012209517210922827,-0.0026286379457052334
2025-12-02,Small Cap Growth Wave,0.009486691603391743,0.0007015725849913833
2025-12-03,Small Cap Growth Wave,0.007095314695891383,0.014532094402621069
2025-12-04,Small Cap Growth Wave,0.010886060692088166,0.0011452667015979389
2025-12-05,Small Cap Growth Wave,-0.0046098917019572715,-0.020028396768447185
2025-12-06,Small Cap Growth Wave,-0.0011838492247285253,-0.002208099966534793
2025-12-07,Small Cap Growth Wave,0.004403661943953757,-0.0008312418157975007
2025-12-08,Small Cap Growth Wave,-0.0027038505943679436,-0.013835191444057766
2025-12-09,Small Cap Growth Wave,-0.008899678291500665,0.00421320832640446
2025-12-10,Small Cap Growth Wave,0.017659076311326946,-0.0003802030699649875
2025-12-11,Small Cap Growth Wave,0.003778110735741233,0.008019825255622443
2025-12-12,Small Cap Growth Wave,-0.007608939362002498,0.0033345123462835383
2025-12-13,Small Cap Growth Wave,-0.006904901063321586,0.007318595507928091
2025-12-14,Small Cap Growth Wave,0.002014030479517326,0.0027876145118515185
2025-12-15,Small Cap Growth Wave,-0.00732598597418589,0.00605625887688628
2025-12-16,Small Cap Growth Wave,0.021347129212310162,-0.007663293563425649
2025-12-17,Small Cap Growth Wave,-0.0028975900764752383,0.002252859793344735
2025-12-18,Small Cap Growth Wave,0.008364062119958165,-0.004076370282315752
2025-12-19,Small Cap Growth Wave,-0.0278303029014274,0.0112735159533122
2025-12-20,Small Cap Growth Wave,0.008105061195841427,-0.013543580243893322
2025-12-21,Small Cap Growth Wave,-0.005575687917795559,0.01294545943621861
2025-12-22,Small Cap Growth Wave,0.014977964184578661,0.007909120181431558
2025-12-23,Small Cap Growth Wave,-0.0012611243395986265,0.0010638993505000798
2025-12-24,Small Cap Growth Wave,-0.000809258051261265,0.0094259182661507
2025-12-25,Small Cap Growth Wave,-0.0082584240649511,-0.006046397239073638
2025-12-26,Small Cap Growth Wave,0.010602745868360157,4.5108355907506946e-05
2025-12-27,Small Cap Growth Wave,0.014284673554538082,-0.004972097655844366
2025-12-28,Small Cap Growth Wave,-4.778360338825096e-05,-0.006979303878751626
2025-12-29,Small Cap Growth Wave,0.0005736268142356713,-0.011428375495990392
2025-12-30,Small Cap Growth Wave,-0.0043763342095496285,-0.011090030919424943
2025-12-31,Small Cap Growth Wave,0.007439232331912581,0.006132714718077214
2026-01-01,Small Cap Growth Wave,-0.01680262730484345,0.011071085964004582
2026-01-02,Small Cap Growth Wave,0.02547415126419854,0.0007680510938907276
2026-01-03,Small Cap Growth Wave,-0.005911142602246448,0.02299464472802437
2026-01-04,Small Cap Growth Wave,-0.012689684983025107,0.0005608517349527871
2026-01-05,Small Cap Growth Wave,0.0022962227263192345,0.011161180963619316
2026-01-06,Small Cap Growth Wave,0.004097389751267885,-0.003589071166307611
2026-01-07,Small Cap Growth Wave,-0.00901184370387956,-0.0023345745619690844
2026-01-08,Small Cap Growth Wave,-0.00956927360945144,0.0007826025582774636
2026-01-09,Small Cap Growth Wave,-0.005141961798604865,-0.011552302346318006
2026-01-10,Small Cap Growth Wave,0.013051457883749038,-0.003581380187432315
2026-01-11,Small Cap Growth Wave,-0.012181368049753125,-0.0009460730759003324
2026-01-12,Small Cap Growth Wave,0.0011837156596765876,-0.01357173380463227
2026-01-13,Small Cap Growth Wave,0.0038164766712576277,-0.007977260549522117
2026-01-14,Small Cap Growth Wave,0.01761028809190788,0.004591684096613879
2026-01-15,Small Cap Growth Wave,-0.003498999901093166,-0.005561342162538804
2026-01-16,Small Cap Growth Wave,-0.0005496770756362394,0.005302325932666318
2026-01-17,Small Cap Growth Wave,0.0002450587141480034,-0.001337270457094853
2026-01-18,Small Cap Growth Wave,0.0010837029081789565,-0.0044308714498956375
2026-01-19,Small Cap Growth Wave,-0.0029320592684303768,-0.01628633951124003
2026-01-20,Small Cap Growth Wave,0.010237262308523678,0.0027903822425740955
2026-01-21,Small Cap Growth Wave,-0.007234558440334302,0.01558987985084191
2026-01-22,Small Cap Growth Wave,0.0013701648039238655,-0.007889148575801575
2026-01-23,Small Cap Growth Wave,0.009067374214704585,0.0035843857320741
2026-01-24,Small Cap Growth Wave,0.004445799854842194,-0.003006044837212724
2026-01-25,Small Cap Growth Wave,0.005004957237780347,-0.0016940663217687565
2026-01-26,Small Cap Growth Wave,0.006059414516458422,-0.014839555632085112
2026-01-27,Small Cap Growth Wave,-0.003838734629791891,0.014177240782465558
2026-01-28,Small Cap Growth Wave,-0.007170674554003005,-0.004430706379945493
2026-01-29,Small Cap Growth Wave,-0.003979613384499751,-0.009318449087109148
2026-01-30,Small Cap Growth Wave,-0.02158280776228252,-0.0014446911881889027
2026-01-31,Small Cap Growth Wave,0.0018585942408165688,-2.0040548309217397e-05
2026-02-01,Small Cap Growth Wave,-0.0009487856194788683,0.0007443269668031011
2026-02-02,Small Cap Growth Wave,0.010728414715507641,-0.0011235694874337343
2026-02-03,Small Cap Growth Wave,-0.005240825770872697,-0.0018490038791046904
2026-02-04,Small Cap Growth Wave,0.006293467597567758,0.011696215028345995
2026-02-05,Small Cap Growth Wave,-0.0057814373916917836,0.0011914702962310697
2026-02-06,Small Cap Growth Wave,0.0038835744193595964,-0.0075406240538305825
2026-02-07,Small Cap Growth Wave,0.0007041716721291813,-0.011325390858736762
2026-02-08,Small Cap Growth Wave,-0.017190503037393987,0.0033339712631380563
2026-02-09,Small Cap Growth Wave,-0.003338747413307828,0.002018243260969753
2026-02-10,Small Cap Growth Wave,0.0003210502299164995,-0.007411200389310379
2026-02-11,Small Cap Growth Wave,4.7456980356635255e-05,-0.009464810440118841
2026-02-12,Small Cap Growth Wave,0.014409723580014007,-0.010447762758879712
2026-02-13,Small Cap Growth Wave,-0.0014578527096858135,-0.007938172704377989
2026-02-14,Small Cap Growth Wave,0.006204211733607955,-0.0022514509702520227
2026-02-15,Small Cap Growth Wave,-0.004686667196212101,0.007225612360412436
2025-08-20,Small-Mid Cap Growth Wave,0.0007943059167755218,0.004533155567487739
2025-08-21,Small-Mid Cap Growth Wave,-0.009313259365174648,-0.010838535551420055
2025-08-22,Small-Mid Cap Growth Wave,0.0015720796204013365,-0.0021507708439578496
2025-08-23,Small-Mid Cap Growth Wave,0.006764346724539443,-0.00023926762130039762
2025-08-24,Small-Mid Cap Growth Wave,0.002550753392346299,-0.012587060239529949
2025-08-25,Small-Mid Cap Growth Wave,0.01938436939614257,-0.0009139358802562551
2025-08-26,Small-Mid Cap Growth Wave,0.00747586970339199,-0.006288733361757012
2025-08-27,Small-Mid Cap Growth Wave,0.003580099022173409,-0.010022758108197964
2025-08-28,Small-Mid Cap Growth Wave,0.00502067838259671,-0.002447792675086662
2025-08-29,Small-Mid Cap Growth Wave,0.0007919050393556744,0.00598379224104078
2025-08-30,Small-Mid Cap Growth Wave,-0.0118254031122028,-0.005075933844902376
2025-08-31,Small-Mid Cap Growth Wave,0.005073242810867655,0.017185771796373976
2025-09-01,Small-Mid Cap Growth Wave,-0.0008808233466148176,0.00512908894339146
2025-09-02,Small-Mid Cap Growth Wave,-0.0005697146985848007,0.015937964758050396
2025-09-03,Small-Mid Cap Growth Wave,-0.016972216669652557,0.001156968357354864
2025-09-04,Small-Mid Cap Growth Wave,-0.01575544033562061,-0.019652572564293733
2025-09-05,Small-Mid Cap Growth Wave,0.0034746205311781656,0.001515982369179671
2025-09-06,Small-Mid Cap Growth Wave,-0.0023483693774220137,-0.0004495527203180252
2025-09-07,Small-Mid Cap Growth Wave,0.031482994340712576,-0.0016654011042514752
2025-09-08,Small-Mid Cap Growth Wave,0.005601243612500749,-0.004794918556911047
2025-09-09,Small-Mid Cap Growth Wave,0.003452325750406031,-0.0015058694004449402
2025-09-10,Small-Mid Cap Growth Wave,-0.0036051848272973005,0.014951188257602598
2025-09-11,Small-Mid Cap Growth Wave,0.01227184963184339,0.0014939731791938453
2025-09-12,Small-Mid Cap Growth Wave,-0.02254211935943967,-0.002488073786020557
2025-09-13,Small-Mid Cap Growth Wave,0.027530275644050837,-0.0014452933331176652
2025-09-14,Small-Mid Cap Growth Wave,0.011532175720536582,0.011935539215620806
2025-09-15,Small-Mid Cap Growth Wave,0.002689639158559751,-0.006334573054945218
2025-09-16,Small-Mid Cap Growth Wave,-0.023853123317828885,0.005873305668871637
2025-09-17,Small-Mid Cap Growth Wave,-0.007647560028235481,0.001809203615101537
2025-09-18,Small-Mid Cap Growth Wave,-0.011998203395893641,-0.0017219003237616177
2025-09-19,Small-Mid Cap Growth Wave,0.0008371905490105325,0.002548748648354383
2025-09-20,Small-Mid Cap Growth Wave,-0.010648221873524141,0.009975287590090818
2025-09-21,Small-Mid Cap Growth Wave,-0.005468947847319713,-0.012995755683625963
2025-09-22,Small-Mid Cap Growth Wave,-0.0005902341996346381,0.0006750024722116807
2025-09-23,Small-Mid Cap Growth Wave,0.002105894331717598,0.011297059229480634
2025-09-24,Small-Mid Cap Growth Wave,-0.0018644883673585937,-0.0005569569949501708
2025-09-25,Small-Mid Cap Growth Wave,-0.010531843812330934,0.006964428023103176
2025-09-26,Small-Mid Cap Growth Wave,0.002343090640781035,-0.0029602218183533003
2025-09-27,Small-Mid Cap Growth Wave,-0.018546746934654638,0.0119552975604407
2025-09-28,Small-Mid Cap Growth Wave,-0.011776799644560573,-0.004330224074957645
2025-09-29,Small-Mid Cap Growth Wave,0.004083445110760033,-0.009172463428933493
2025-09-30,Small-Mid Cap Growth Wave,-0.014435097782531435,-0.016591580661605317
2025-10-01,Small-Mid Cap Growth Wave,0.007709969529056358,-0.003961489957810575
2025-10-02,Small-Mid Cap Growth Wave,0.0297727009247333,-0.007554840525046988
2025-10-03,Small-Mid Cap Growth Wave,-0.008714510234289213,-0.0041231437622832115
2025-10-04,Small-Mid Cap Growth Wave,0.002931346551384891,-0.0033616267102824907
2025-10-05,Small-Mid Cap Growth Wave,0.006623322140025121,-0.007428707119909236
2025-10-06,Small-Mid Cap Growth Wave,-0.01331591718463581,-0.013985717915272861
2025-10-07,Small-Mid Cap Growth Wave,-0.021735741679371968,-0.003744552155800454
2025-10-08,Small-Mid Cap Growth Wave,-0.002509803123932219,-0.004651496219865467
2025-10-09,Small-Mid Cap Growth Wave,0.01293405797187162,0.01022424167686508
2025-10-10,Small-Mid Cap Growth Wave,-0.0028480298744450188,-0.013951368905535706
2025-10-11,Small-Mid Cap Growth Wave,-0.005167051080550529,-0.0043985711513364915
2025-10-12,Small-Mid Cap Growth Wave,-0.006071349622780581,-0.0051817512311859585
2025-10-13,Small-Mid Cap Growth Wave,-0.006034628957248073,-0.002692332927182078
2025-10-14,Small-Mid Cap Growth Wave,-0.005855410988155566,0.0020665800690047374
2025-10-15,Small-Mid Cap Growth Wave,0.004103687159048611,-0.006885160697459918
2025-10-16,Small-Mid Cap Growth Wave,0.013210653260070336,-0.0074404984147249135
2025-10-17,Small-Mid Cap Growth Wave,-0.015678006138153372,0.0034462245709204137
2025-10-18,Small-Mid Cap Growth Wave,-0.007674081344143397,0.0029703317660591043
2025-10-19,Small-Mid Cap Growth Wave,-0.023536686011005305,0.01153964753186454
2025-10-20,Small-Mid Cap Growth Wave,0.007222934080404022,-0.011603812393304014
2025-10-21,Small-Mid Cap Growth Wave,-0.014287771238462857,0.01377812723278022
2025-10-22,Small-Mid Cap Growth Wave,-0.006873799034979585,-0.00627347878986099
2025-10-23,Small-Mid Cap Growth Wave,-0.022160520941492828,-0.002406225644812433
2025-10-24,Small-Mid Cap Growth Wave,-0.0017771961483575285,0.006123944774155883
2025-10-25,Small-Mid Cap Growth Wave,-0.013490784281844755,-0.011762294337924877
2025-10-26,Small-Mid Cap Growth Wave,0.005009626347764768,0.008453840569816518
2025-10-27,Small-Mid Cap Growth Wave,-0.01521152351117883,0.009052112690397929
2025-10-28,Small-Mid Cap Growth Wave,0.0008754184148682145,0.009134442712597165
2025-10-29,Small-Mid Cap Growth Wave,-0.00020220361517616573,-0.019778223339903603
2025-10-30,Small-Mid Cap Growth Wave,-0.0010196738231603888,0.00888115054937016
2025-10-31,Small-Mid Cap Growth Wave,-0.008437460190837144,-0.0027037197512596173
2025-11-01,Small-Mid Cap Growth Wave,-0.001261335035509783,-0.022796111038947853
2025-11-02,Small-Mid Cap Growth Wave,0.017213475754374763,-0.006811005439177396
2025-11-03,Small-Mid Cap Growth Wave,0.00555735432472799,-0.00029360908918566977
2025-11-04,Small-Mid Cap Growth Wave,0.013076190563593602,0.0036484489794246476
2025-11-05,Small-Mid Cap Growth Wave,-0.001849242715209746,-0.0067481207401542415
2025-11-06,Small-Mid Cap Growth Wave,0.00847850701382139,-0.014587530431636934
2025-11-07,Small-Mid Cap Growth Wave,0.006958904202758924,-0.008392358012438983
2025-11-08,Small-Mid Cap Growth Wave,0.013022836619566401,0.0016903963413015608
2025-11-09,Small-Mid Cap Growth Wave,0.006941237678501088,0.001055910510597755
2025-11-10,Small-Mid Cap Growth Wave,-0.01702377095140997,-0.0064858333071627075
2025-11-11,Small-Mid Cap Growth Wave,0.0072238933761138244,0.001733246538878752
2025-11-12,Small-Mid Cap Growth Wave,0.012309899053056721,0.003626196504297374
2025-11-13,Small-Mid Cap Growth Wave,-0.009167018907026597,-0.005968513101765072
2025-11-14,Small-Mid Cap Growth Wave,0.0015291739052323721,-0.018112352528000843
2025-11-15,Small-Mid Cap Growth Wave,0.017234418856229852,0.003933973891020458
2025-11-16,Small-Mid Cap Growth Wave,0.012770345970488723,-0.012244831526473352
2025-11-17,Small-Mid Cap Growth Wave,0.012945651603552558,0.01825199128822199
2025-11-18,Small-Mid Cap Growth Wave,-0.012708783553773176,0.006571214359230133
2025-11-19,Small-Mid Cap Growth Wave,0.0005110994468729314,-0.011955470785985954
2025-11-20,Small-Mid Cap Growth Wave,0.005428839718518697,0.007068825638698787
2025-11-21,Small-Mid Cap Growth Wave,-0.0055112655266884684,0.009727332162041783
2025-11-22,Small-Mid Cap Growth Wave,-0.016167634067891977,-0.011558049171597154
2025-11-23,Small-Mid Cap Growth Wave,0.0018659739558875236,0.0006030822237781737
2025-11-24,Small-Mid Cap Growth Wave,-0.0066657348842410515,0.006876755487775087
2025-11-25,Small-Mid Cap Growth Wave,0.005808943142159493,0.007265112567472128
2025-11-26,Small-Mid Cap Growth Wave,-0.0007313643535226762,0.005220642143826727
2025-11-27,Small-Mid Cap Growth Wave,-0.003956503030299945,0.016830549520692767
2025-11-28,Small-Mid Cap Growth Wave,-0.007625457701219859,0.017242379435666498
2025-11-29,Small-Mid Cap Growth Wave,0.0008488794708940857,-0.010604087116549943
2025-11-30,Small-Mid Cap Growth Wave,0.014180793504886012,0.001407211107159672
2025-12-01,Small-Mid Cap Growth Wave,0.00901124098380238,0.010190847348340745
2025-12-02,Small-Mid Cap Growth Wave,0.0038795555414502525,-0.004337926758502517
2025-12-03,Small-Mid Cap Growth Wave,0.010257133776692502,0.00040604405963676443
2025-12-04,Small-Mid Cap Growth Wave,0.007358578186084191,-0.01682984459033169
2025-12-05,Small-Mid Cap Growth Wave,0.004969817170098518,-0.0047086866011602415
2025-12-06,Small-Mid Cap Growth Wave,0.017033096371785305,0.0053846987831127615
2025-12-07,Small-Mid Cap Growth Wave,0.002898577458492966,0.004290479946801772
2025-12-08,Small-Mid Cap Growth Wave,-0.009484408528767183,0.013386053524224431
2025-12-09,Small-Mid Cap Growth Wave,0.020413704184169046,0.003543308084385731
2025-12-10,Small-Mid Cap Growth Wave,0.01640403568573639,-0.0041531855893802705
2025-12-11,Small-Mid Cap Growth Wave,-0.007471135662249807,0.0007273979898313828
2025-12-12,Small-Mid Cap Growth Wave,0.004849410383678986,-0.0027518934499449633
2025-12-13,Small-Mid Cap Growth Wave,0.005877681903684838,0.002851115856587313
2025-12-14,Small-Mid Cap Growth Wave,-0.00948306775291055,0.00455034413961377
2025-12-15,Small-Mid Cap Growth Wave,0.009135282425215212,0.0017717545407231275
2025-12-16,Small-Mid Cap Growth Wave,0.012026481032616925,-0.009339230347975616
2025-12-17,Small-Mid Cap Growth Wave,0.005179504221318517,-0.0089622456511742
2025-12-18,Small-Mid Cap Growth Wave,-0.010640813582330875,-0.00464744666990232
2025-12-19,Small-Mid Cap Growth Wave,-0.00892060183574245,-0.0039839665499291025
2025-12-20,Small-Mid Cap Growth Wave,-0.0016415031071118878,0.007097235890651076
2025-12-21,Small-Mid Cap Growth Wave,-0.0027115903870570247,-0.012285005654156743
2025-12-22,Small-Mid Cap Growth Wave,0.011900678464951605,-0.006296721068920316
2025-12-23,Small-Mid Cap Growth Wave,-8.720427104628721e-05,0.003972292055525692
2025-12-24,Small-Mid Cap Growth Wave,0.002496104184027828,0.009153436380171803
2025-12-25,Small-Mid Cap Growth Wave,0.005290031433927589,-0.006490476637576864
2025-12-26,Small-Mid Cap Growth Wave,0.02228562173991662,0.001954667706705866
2025-12-27,Small-Mid Cap Growth Wave,-0.0009734022662150623,0.008111403384444568
2025-12-28,Small-Mid Cap Growth Wave,0.0029945094593007223,0.003593825543514617
2025-12-29,Small-Mid Cap Growth Wave,0.025421839986006868,-0.0018009714260403735
2025-12-30,Small-Mid Cap Growth Wave,-0.0026776089401739584,0.0013326280960997104
2025-12-31,Small-Mid Cap Growth Wave,0.011215159355810387,-0.011652272241523194
2026-01-01,Small-Mid Cap Growth Wave,-0.01915555891476505,-0.00429692216496118
2026-01-02,Small-Mid Cap Growth Wave,-0.015839229590592873,-0.0029986507802051074
2026-01-03,Small-Mid Cap Growth Wave,0.005524996961292902,-0.006725990908418108
2026-01-04,Small-Mid Cap Growth Wave,-0.013768265767813424,0.0009546972937227837
2026-01-05,Small-Mid Cap Growth Wave,0.009125434846151704,-0.013159787508132901
2026-01-06,Small-Mid Cap Growth Wave,0.008702323983059842,0.00693844962990661
2026-01-07,Small-Mid Cap Growth Wave,0.01004085102156628,0.010147841718973491
2026-01-08,Small-Mid Cap Growth Wave,0.02252013924659616,-0.0024487363889524414
2026-01-09,Small-Mid Cap Growth Wave,0.0015957158007785812,-0.002931507465984204
2026-01-10,Small-Mid Cap Growth Wave,0.0005197684475581077,0.012662986845090495
2026-01-11,Small-Mid Cap Growth Wave,-0.012950144839306689,-0.006488397377324604
2026-01-12,Small-Mid Cap Growth Wave,0.014271809365045613,0.008560292055216717
2026-01-13,Small-Mid Cap Growth Wave,-0.00313131646817078,0.007235216008965759
2026-01-14,Small-Mid Cap Growth Wave,0.003912158424920332,0.012402196872007904
2026-01-15,Small-Mid Cap Growth Wave,0.0012450959382677262,0.008605056910980659
2026-01-16,Small-Mid Cap Growth Wave,0.026920119104926202,0.00518479324037973
2026-01-17,Small-Mid Cap Growth Wave,0.0009932816579484361,0.0061795758817678355
2026-01-18,Small-Mid Cap Growth Wave,-0.003152808582038849,0.01950374164419786
2026-01-19,Small-Mid Cap Growth Wave,0.002300710376959815,-0.001783466561804103
2026-01-20,Small-Mid Cap Growth Wave,-0.007856890050200361,0.009177761532851506
2026-01-21,Small-Mid Cap Growth Wave,0.009171874128277389,-0.003578834971312746
2026-01-22,Small-Mid Cap Growth Wave,0.0062645134512242275,-0.011668447745702852
2026-01-23,Small-Mid Cap Growth Wave,0.0023497057507315625,0.004022050816613556
2026-01-24,Small-Mid Cap Growth Wave,0.01757329809559223,-0.005766550421829515
2026-01-25,Small-Mid Cap Growth Wave,-0.012283526288023244,-0.006763423687400334
2026-01-26,Small-Mid Cap Growth Wave,-0.0128656850031492,0.011093258862071863
2026-01-27,Small-Mid Cap Growth Wave,0.015986392950240368,0.0029617326235906313
2026-01-28,Small-Mid Cap Growth Wave,0.012712949456851481,0.0014716670446418825
2026-01-29,Small-Mid Cap Growth Wave,-0.00045111647700766015,-0.002264300952430093
2026-01-30,Small-Mid Cap Growth Wave,-0.0026039099137756547,-0.011982412450472251
2026-01-31,Small-Mid Cap Growth Wave,0.003142547636073391,7.732871828764994e-05
2026-02-01,Small-Mid Cap Growth Wave,0.007953607240778758,0.0011481879715088776
2026-02-02,Small-Mid Cap Growth Wave,-0.0011270370156909178,-0.006569544240061046
2026-02-03,Small-Mid Cap Growth Wave,0.001221532368217613,0.006305897846529296
2026-02-04,Small-Mid Cap Growth Wave,-0.010933389910838608,0.001099790029445914
2026-02-05,Small-Mid Cap Growth Wave,0.0028304295152948395,-0.005344518268946115
2026-02-06,Small-Mid Cap Growth Wave,-0.005378563049080002,0.0022448867901297158
2026-02-07,Small-Mid Cap Growth Wave,-0.01083421018292623,0.0031993897219951403
2026-02-08,Small-Mid Cap Growth Wave,-0.008453543736592,0.00890282954426573
2026-02-09,Small-Mid Cap Growth Wave,0.023878277453883,-0.006486054413614557
2026-02-10,Small-Mid Cap Growth Wave,0.0058420786237467475,-0.005413935239056154
2026-02-11,Small-Mid Cap Growth Wave,0.010909541737977894,-0.009722067272681722
2026-02-12,Small-Mid Cap Growth Wave,0.005305867584277127,-0.006583911735114821
2026-02-13,Small-Mid Cap Growth Wave,-0.0015698458909836877,-0.007848202201178456
2026-02-14,Small-Mid Cap Growth Wave,0.008723504708957537,-0.006295842835516696
2026-02-15,Small-Mid Cap Growth Wave,0.006019642593318275,-0.0023527842260986634
