{
  "_meta": {
    "generated_at": "2026-01-22T21:03:43.035639+00:00",
    "lookback_days": 365,
    "status": "OK",
    "validated": true,
    "schema_version": "metrics_v1"
  },
  "waves": {
    "ai_cloud_megacap_wave": {
      "metrics": {
        "returns": {
          "1D": 0.0,
          "30D": -0.006198532647565536,
          "60D": 0.005595616900143208,
          "365D": 0.40587528080422763
        },
        "alpha": {
          "1D": 0.0,
          "30D": -0.014685623589643093,
          "60D": -0.019332642793589594,
          "365D": 0.10874942295803258
        }
      }
    },

    "clean_transit_infrastructure_wave": {
      "metrics": {
        "returns": {
          "1D": 0.0,
          "30D": -0.014678208880759658,
          "60D": -0.013723649077433286,
          "365D": 0.11758794673720607
        },
        "alpha": {
          "1D": 0.0,
          "30D": -0.035387847946279805,
          "60D": -0.06708771087816467,
          "365D": -0.14110804132933508
        }
      }
    }

    /* REPEAT SAME PATTERN FOR ALL WAVES */
  }
}