{
  "_meta": {
    "generated_at": "2026-01-22T21:03:43.035639+00:00",
    "lookback_days": 365,
    "status": "OK",
    "validated": true,
    "schema_version": "metrics_v1"
  },
  "waves": {
    "ai_cloud_megacap_wave": {
      "metrics": {
        "returns": { "1D": 0.0, "30D": -0.006198532647565536, "60D": 0.005595616900143208, "365D": 0.40587528080422763 },
        "alpha":   { "1D": 0.0, "30D": -0.014685623589643093, "60D": -0.019332642793589594, "365D": 0.10874942295803258 }
      }
    },
    "clean_transit_infrastructure_wave": {
      "metrics": {
        "returns": { "1D": 0.0, "30D": -0.014678208880759658, "60D": -0.013723649077433286, "365D": 0.11758794673720607 },
        "alpha":   { "1D": 0.0, "30D": -0.035387847946279805, "60D": -0.06708771087816467, "365D": -0.14110804132933508 }
      }
    },
    "crypto_ai_growth_wave": {
      "metrics": {
        "returns": { "1D": 0.0009394482428328743, "30D": 0.1907065310889131, "60D": -0.11626433790020829, "365D": -0.4595965966791581 },
        "alpha":   { "1D": -0.0021381985713140317, "30D": 0.024333109616952786, "60D": -0.008803708222022033, "365D": -0.010853259401025883 }
      }
    },
    "crypto_broad_growth_wave": {
      "metrics": {
        "returns": { "1D": -0.009867860261170924, "30D": -0.008196556256375165, "60D": -0.16664009020101134, "365D": -0.28380843837472247 },
        "alpha":   { "1D": -0.0029865356140950094, "30D": 0.015116855440316046, "60D": -0.051576318804165466, "365D": -0.2550706664962429 }
      }
    },
    "crypto_defi_growth_wave": {
      "metrics": {
        "returns": { "1D": -0.010113760062132715, "30D": -0.08089104967026928, "60D": -0.1948226643886919, "365D": -0.3843014423064377 },
        "alpha":   { "1D": -0.012791007130629528, "30D": -0.018609467402192603, "60D": -0.039037620407018636, "365D": -0.09436919983718939 }
      }
    },
    "crypto_income_wave": {
      "metrics": {
        "returns": { "1D": 0.0005476862286726281, "30D": -0.0776126501531178, "60D": -0.14017858723188725, "365D": -0.1807226099253294 },
        "alpha":   { "1D": 0.006108510239011711, "30D": 0.008084563415973522, "60D": -0.018205956182687055, "365D": -0.01827603575528669 }
      }
    },
    "crypto_l1_growth_wave": {
      "metrics": {
        "returns": { "1D": -0.0038227088238927953, "30D": 0.009891968138686646, "60D": -0.18775283281540234, "365D": -0.4668709093014153 },
        "alpha":   { "1D": 0.0019558322067002587, "30D": 0.015316405510889641, "60D": -0.050085798146148997, "365D": -0.10715499039650223 }
      }
    },
    "crypto_l2_growth_wave": {
      "metrics": {
        "returns": { "1D": -0.0006923596984365066, "30D": -0.03660613519602729, "60D": -0.0721746253292953, "365D": 0.0770278717629338 },
        "alpha":   { "1D": 0.0001259368969264152, "30D": 0.019119732110357335, "60D": 0.025454829847335936, "365D": 0.3591722980488731 }
      }
    },
    "demas_fund_wave": {
      "metrics": {
        "returns": { "1D": 0.0, "30D": 0.021353103835283438, "60D": 0.039249716818879454, "365D": 0.15864857087861317 },
        "alpha":   { "1D": 0.0, "30D": 0.005523948043254956, "60D": 0.0079062023207912, "365D": -0.0480874335670074 }
      }
    },

    "ev_infrastructure_wave": {
      "metrics": {
        "returns": { "1D": 0.0, "30D": 0.007552456594891899, "60D": 0.025702160137225594, "365D": 0.3789208925449945 },
        "alpha":   { "1D": 0.0, "30D": -0.013157182470628248, "60D": -0.027661901663505795, "365D": 0.12022490447845335 }
      }
    },

    "future_energy_ev_wave": {
      "metrics": {
        "returns": { "1D": 0.0, "30D": -0.005872470305948507, "60D": -0.015877889456203942, "365D": 0.2774303884200542 },
        "alpha":   { "1D": 0.0, "30D": -0.030922678944330206, "60D": -0.022991444822044516, "365D": -0.045696147361309114 }
      }
    },

    "future_power_energy_wave": {
      "metrics": {
        "returns": { "1D": 0.0, "30D": 0.018879214389101007, "60D": -0.03507085598391413, "365D": 0.7105130876102017 },
        "alpha":   { "1D": 0.0, "30D": -0.006170994249280692, "60D": -0.0421844113497547, "365D": 0.3873865518288384 }
      }
    },

    "gold_wave": {
      "metrics": {
        "returns": { "1D": 0.0, "30D": 0.05399899698566579, "60D": 0.09110769415152098, "365D": 0.6707843742879518 },
        "alpha":   { "1D": 0.0, "30D": 0.0, "60D": 0.0, "365D": 0.0 }
      }
    },

    "income_wave": {
      "metrics": {
        "returns": { "1D": 0.0, "30D": 0.01840834358271648, "60D": 0.04283095105307799, "365D": 0.15032118129641603 },
        "alpha":   { "1D": 0.0, "30D": 0.01840834358271648, "60D": 0.04283095105307799, "365D": 0.15032118129641603 }
      }
    },

    "russell_3000_wave": {
      "metrics": {
        "returns": { "1D": 0.0, "30D": 0.0, "60D": 0.0, "365D": 0.0 },
        "alpha":   { "1D": 0.0, "30D": 0.0, "60D": 0.0, "365D": 0.0 }
      }
    },

    "sp500_wave": {
      "metrics": {
        "returns": { "1D": 0.0, "30D": 0.0100859879123405, "60D": 0.0192107357844451, "365D": 0.20970318364470808 },
        "alpha":   { "1D": 0.0, "30D": 0.0, "60D": 0.0, "365D": 0.0 }
      }
    }
  }
}